NodeId1	Interaction	NodeId2	Distance	Angle	Energy	Atom1	Atom2	Donor	Orientation
A:449:_:ASP	VDW:MC_SC	A:450:_:TRP	3.498	NaN	6.000	C	CB	NaN	NaN
A:450:_:TRP	VDW:MC_SC	A:451:_:GLU	3.696	NaN	6.000	C	CB	NaN	NaN
A:450:_:TRP	VDW:SC_MC	A:507:_:LYS	3.860	NaN	6.000	CZ2	C	NaN	NaN
A:451:_:GLU	VDW:MC_SC	A:452:_:ILE	3.612	NaN	6.000	C	CB	NaN	NaN
A:451:_:GLU	VDW:SC_SC	A:519:_:TYR	3.368	NaN	6.000	CB	CZ	NaN	NaN
A:452:_:ILE	VDW:MC_SC	A:453:_:PRO	2.491	NaN	6.000	C	CD	NaN	NaN
A:452:_:ILE	VDW:SC_SC	A:456:_:GLN	3.657	NaN	6.000	CG2	OE1	NaN	NaN
A:452:_:ILE	VDW:SC_SC	A:457:_:ILE	3.872	NaN	6.000	CG2	CG1	NaN	NaN
A:452:_:ILE	VDW:SC_SC	A:476:_:TRP	3.706	NaN	6.000	CG2	CE2	NaN	NaN
A:453:_:PRO	VDW:SC_SC	A:456:_:GLN	3.439	NaN	6.000	CG	NE2	NaN	NaN
A:455:_:GLY	VDW:MC_SC	A:456:_:GLN	3.706	NaN	6.000	C	CB	NaN	NaN
A:456:_:GLN	VDW:MC_SC	A:457:_:ILE	3.623	NaN	6.000	C	CB	NaN	NaN
A:456:_:GLN	VDW:SC_SC	A:476:_:TRP	3.853	NaN	6.000	CB	CD1	NaN	NaN
A:457:_:ILE	VDW:MC_SC	A:458:_:THR	3.652	NaN	6.000	C	CB	NaN	NaN
A:457:_:ILE	VDW:SC_SC	A:476:_:TRP	3.757	NaN	6.000	CG1	CD1	NaN	NaN
A:457:_:ILE	VDW:SC_SC	A:482:_:VAL	3.830	NaN	6.000	CG2	CG2	NaN	NaN
A:457:_:ILE	VDW:SC_SC	A:528:_:VAL	3.451	NaN	6.000	CD1	CG2	NaN	NaN
A:458:_:THR	VDW:MC_SC	A:459:_:VAL	3.704	NaN	6.000	C	CB	NaN	NaN
A:459:_:VAL	VDW:SC_SC	A:472:_:TYR	3.410	NaN	6.000	CG1	CB	NaN	NaN
A:459:_:VAL	VDW:SC_SC	A:484:_:MET	3.737	NaN	6.000	CG1	CE	NaN	NaN
A:460:_:GLY	VDW:MC_SC	A:461:_:GLN	3.720	NaN	6.000	C	CB	NaN	NaN
A:461:_:GLN	VDW:MC_SC	A:462:_:ARG	3.704	NaN	6.000	C	CB	NaN	NaN
A:462:_:ARG	VDW:MC_SC	A:463:_:ILE	3.625	NaN	6.000	C	CB	NaN	NaN
A:466:_:GLY	VDW:MC_SC	A:467:_:SER	3.708	NaN	6.000	C	CB	NaN	NaN
A:467:_:SER	VDW:MC_SC	A:468:_:PHE	3.708	NaN	6.000	C	CB	NaN	NaN
A:468:_:PHE	VDW:SC_SC	A:483:_:LYS	3.360	NaN	6.000	CD1	CE	NaN	NaN
A:468:_:PHE	VDW:SC_SC	A:594:_:ASP	3.541	NaN	6.000	CE2	CG	NaN	NaN
A:469:_:GLY	VDW:MC_SC	A:470:_:THR	3.576	NaN	6.000	C	CB	NaN	NaN
A:470:_:THR	VDW:MC_SC	A:471:_:VAL	3.605	NaN	6.000	C	CB	NaN	NaN
A:472:_:TYR	VDW:MC_SC	A:473:_:LYS	3.645	NaN	6.000	C	CB	NaN	NaN
A:472:_:TYR	VDW:SC_SC	A:484:_:MET	3.279	NaN	6.000	CE1	CG	NaN	NaN
A:473:_:LYS	VDW:SC_SC	A:531:_:TRP	3.740	NaN	6.000	CD	CZ2	NaN	NaN
A:474:_:GLY	VDW:MC_SC	A:480:_:VAL	3.441	NaN	6.000	C	CG2	NaN	NaN
A:474:_:GLY	VDW:MC_SC	A:475:_:LYS	3.457	NaN	6.000	C	CB	NaN	NaN
A:475:_:LYS	VDW:MC_SC	A:476:_:TRP	3.197	NaN	6.000	C	CB	NaN	NaN
A:475:_:LYS	VDW:SC_MC	A:478:_:GLY	3.760	NaN	6.000	CE	C	NaN	NaN
A:476:_:TRP	VDW:MC_SC	A:477:_:HIS	3.082	NaN	6.000	C	CB	NaN	NaN
A:476:_:TRP	PIPISTACK:MC_SC	A:566:_:TYR	5.434	1.348	20.000	-3.551,10.268,-12.436	-4.287,8.643,-7.304	NaN	P
A:476:_:TRP	VDW:SC_SC	A:480:_:VAL	3.571	NaN	6.000	CB	CG1	NaN	NaN
A:476:_:TRP	VDW:SC_SC	A:517:_:MET	3.879	NaN	6.000	CE3	CE	NaN	NaN
A:479:_:ASP	VDW:SC_SC	A:531:_:TRP	3.752	NaN	6.000	CB	CB	NaN	NaN
A:480:_:VAL	VDW:MC_SC	A:481:_:ALA	3.478	NaN	6.000	C	CB	NaN	NaN
A:481:_:ALA	VDW:MC_SC	A:482:_:VAL	3.482	NaN	6.000	C	CG2	NaN	NaN
A:481:_:ALA	VDW:SC_SC	A:531:_:TRP	3.791	NaN	6.000	CB	CE3	NaN	NaN
A:482:_:VAL	VDW:MC_SC	A:483:_:LYS	3.616	NaN	6.000	C	CB	NaN	NaN
A:482:_:VAL	VDW:SC_SC	A:484:_:MET	3.857	NaN	6.000	CG1	SD	NaN	NaN
A:482:_:VAL	VDW:SC_SC	A:526:_:ALA	3.729	NaN	6.000	CG1	CB	NaN	NaN
A:483:_:LYS	VDW:MC_SC	A:484:_:MET	3.706	NaN	6.000	C	CB	NaN	NaN
A:483:_:LYS	IONIC:SC_SC	A:594:_:ASP	3.299	NaN	20.000	NZ	-3.341,-6.502,-24.280	A:483:_:LYS	NaN
A:484:_:MET	VDW:MC_SC	A:485:_:LEU	3.713	NaN	6.000	C	CB	NaN	NaN
A:485:_:LEU	VDW:MC_SC	A:486:_:ASN	3.697	NaN	6.000	C	CB	NaN	NaN
A:485:_:LEU	VDW:SC_SC	A:498:_:PHE	3.499	NaN	6.000	CD1	CE1	NaN	NaN
A:486:_:ASN	VDW:MC_SC	A:487:_:VAL	3.334	NaN	6.000	C	CB	NaN	NaN
A:487:_:VAL	VDW:MC_SC	A:488:_:THR	3.754	NaN	6.000	C	CB	NaN	NaN
A:487:_:VAL	VDW:SC_MC	A:489:_:ALA	3.716	NaN	6.000	CG1	C	NaN	NaN
A:488:_:THR	VDW:MC_SC	A:489:_:ALA	3.465	NaN	6.000	C	CB	NaN	NaN
A:489:_:ALA	VDW:MC_SC	A:490:_:PRO	2.488	NaN	6.000	C	CD	NaN	NaN
A:490:_:PRO	VDW:MC_SC	A:491:_:THR	3.706	NaN	6.000	C	CB	NaN	NaN
A:491:_:THR	VDW:MC_SC	A:492:_:PRO	2.516	NaN	6.000	C	CD	NaN	NaN
A:492:_:PRO	VDW:MC_SC	A:493:_:GLN	3.714	NaN	6.000	C	CB	NaN	NaN
A:494:_:GLN	VDW:MC_SC	A:495:_:LEU	3.712	NaN	6.000	C	CB	NaN	NaN
A:495:_:LEU	VDW:MC_SC	A:496:_:GLN	3.711	NaN	6.000	C	CB	NaN	NaN
A:496:_:GLN	VDW:MC_SC	A:497:_:ALA	3.701	NaN	6.000	C	CB	NaN	NaN
A:496:_:GLN	VDW:SC_SC	A:500:_:ASN	3.533	NaN	6.000	CD	OD1	NaN	NaN
A:497:_:ALA	VDW:MC_SC	A:498:_:PHE	3.707	NaN	6.000	C	CB	NaN	NaN
A:498:_:PHE	VDW:MC_SC	A:499:_:LYS	3.718	NaN	6.000	C	CB	NaN	NaN
A:498:_:PHE	VDW:SC_SC	A:525:_:LEU	3.815	NaN	6.000	CG	CD1	NaN	NaN
A:498:_:PHE	VDW:SC_SC	A:519:_:TYR	3.639	NaN	6.000	CE2	CD1	NaN	NaN
A:498:_:PHE	VDW:SC_SC	A:527:_:ILE	3.526	NaN	6.000	CZ	CD1	NaN	NaN
A:499:_:LYS	VDW:MC_SC	A:500:_:ASN	3.718	NaN	6.000	C	CB	NaN	NaN
A:500:_:ASN	VDW:MC_SC	A:501:_:GLU	3.707	NaN	6.000	C	CB	NaN	NaN
A:501:_:GLU	VDW:MC_SC	A:502:_:VAL	3.736	NaN	6.000	C	CB	NaN	NaN
A:502:_:VAL	VDW:SC_SC	A:516:_:PHE	3.672	NaN	6.000	CG1	CZ	NaN	NaN
A:502:_:VAL	VDW:SC_SC	A:519:_:TYR	3.680	NaN	6.000	CG1	CD2	NaN	NaN
A:502:_:VAL	VDW:SC_SC	A:527:_:ILE	3.775	NaN	6.000	CG2	CD1	NaN	NaN
A:503:_:GLY	VDW:MC_SC	A:504:_:VAL	3.695	NaN	6.000	C	CB	NaN	NaN
A:503:_:GLY	VDW:MC_SC	A:506:_:ARG	3.719	NaN	6.000	C	CB	NaN	NaN
A:504:_:VAL	VDW:MC_SC	A:505:_:LEU	3.712	NaN	6.000	C	CB	NaN	NaN
A:505:_:LEU	VDW:MC_SC	A:506:_:ARG	3.702	NaN	6.000	C	CB	NaN	NaN
A:505:_:LEU	VDW:SC_SC	A:595:_:PHE	3.451	NaN	6.000	CD2	CE2	NaN	NaN
A:506:_:ARG	VDW:MC_SC	A:507:_:LYS	3.567	NaN	6.000	C	CB	NaN	NaN
A:507:_:LYS	VDW:MC_SC	A:508:_:THR	3.541	NaN	6.000	C	CB	NaN	NaN
A:508:_:THR	VDW:MC_SC	A:509:_:ARG	3.460	NaN	6.000	C	CB	NaN	NaN
A:508:_:THR	VDW:SC_SC	A:595:_:PHE	3.819	NaN	6.000	CG2	CE2	NaN	NaN
A:509:_:ARG	VDW:MC_SC	A:510:_:HIS	3.213	NaN	6.000	C	CB	NaN	NaN
A:510:_:HIS	VDW:MC_SC	A:511:_:VAL	3.722	NaN	6.000	C	CB	NaN	NaN
A:510:_:HIS	VDW:MC_SC	A:515:_:LEU	3.574	NaN	6.000	C	CD2	NaN	NaN
A:510:_:HIS	VDW:SC_SC	A:513:_:ILE	3.790	NaN	6.000	CB	CG1	NaN	NaN
A:510:_:HIS	VDW:SC_SC	A:566:_:TYR	3.495	NaN	6.000	CD2	CG	NaN	NaN
A:510:_:HIS	VDW:SC_SC	A:517:_:MET	3.860	NaN	6.000	CD2	CE	NaN	NaN
A:510:_:HIS	VDW:SC_SC	A:512:_:ASN	3.244	NaN	6.000	CE1	OD1	NaN	NaN
A:511:_:VAL	VDW:MC_SC	A:512:_:ASN	3.594	NaN	6.000	C	CB	NaN	NaN
A:512:_:ASN	VDW:SC_SC	A:562:_:ARG	3.357	NaN	6.000	OD1	CB	NaN	NaN
A:512:_:ASN	VDW:SC_SC	A:559:_:GLN	3.431	NaN	6.000	ND2	CB	NaN	NaN
A:513:_:ILE	VDW:MC_SC	A:514:_:LEU	3.697	NaN	6.000	C	CB	NaN	NaN
A:513:_:ILE	VDW:SC_SC	A:595:_:PHE	3.621	NaN	6.000	CG2	CZ	NaN	NaN
A:513:_:ILE	VDW:SC_SC	A:567:_:LEU	3.605	NaN	6.000	CD1	CG	NaN	NaN
A:514:_:LEU	VDW:MC_SC	A:515:_:LEU	3.696	NaN	6.000	C	CB	NaN	NaN
A:514:_:LEU	VDW:SC_SC	A:532:_:CYS	3.432	NaN	6.000	CD1	SG	NaN	NaN
A:514:_:LEU	VDW:SC_SC	A:530:_:GLN	3.522	NaN	6.000	CD1	CG	NaN	NaN
A:515:_:LEU	VDW:MC_SC	A:516:_:PHE	3.700	NaN	6.000	C	CB	NaN	NaN
A:515:_:LEU	VDW:SC_SC	A:530:_:GLN	3.200	NaN	6.000	CB	OE1	NaN	NaN
A:515:_:LEU	VDW:SC_MC	A:510:_:HIS	3.637	NaN	6.000	CD2	C	NaN	NaN
A:516:_:PHE	VDW:MC_SC	A:517:_:MET	3.529	NaN	6.000	C	CB	NaN	NaN
A:516:_:PHE	VDW:SC_MC	A:518:_:GLY	3.643	NaN	6.000	CE1	C	NaN	NaN
A:517:_:MET	VDW:SC_MC	A:529:_:THR	3.801	NaN	6.000	SD	C	NaN	NaN
A:518:_:GLY	VDW:MC_SC	A:519:_:TYR	3.289	NaN	6.000	C	CB	NaN	NaN
A:518:_:GLY	VDW:MC_SC	A:528:_:VAL	3.748	NaN	6.000	C	CB	NaN	NaN
A:519:_:TYR	VDW:MC_SC	A:520:_:SER	3.490	NaN	6.000	C	CB	NaN	NaN
A:520:_:SER	VDW:MC_SC	A:521:_:THR	3.539	NaN	6.000	C	CB	NaN	NaN
A:521:_:THR	VDW:MC_SC	A:522:_:ALA	3.326	NaN	6.000	C	CB	NaN	NaN
A:523:_:PRO	VDW:MC_SC	A:524:_:GLN	3.489	NaN	6.000	C	CB	NaN	NaN
A:524:_:GLN	VDW:MC_SC	A:525:_:LEU	3.713	NaN	6.000	C	CB	NaN	NaN
A:525:_:LEU	VDW:MC_SC	A:526:_:ALA	3.172	NaN	6.000	C	CB	NaN	NaN
A:526:_:ALA	VDW:MC_SC	A:527:_:ILE	3.587	NaN	6.000	C	CB	NaN	NaN
A:527:_:ILE	VDW:MC_SC	A:528:_:VAL	3.609	NaN	6.000	C	CB	NaN	NaN
A:528:_:VAL	VDW:MC_SC	A:529:_:THR	3.288	NaN	6.000	C	CG2	NaN	NaN
A:529:_:THR	VDW:MC_SC	A:530:_:GLN	3.693	NaN	6.000	C	CB	NaN	NaN
A:530:_:GLN	VDW:MC_SC	A:531:_:TRP	3.598	NaN	6.000	C	CB	NaN	NaN
A:530:_:GLN	VDW:SC_SC	A:591:_:LYS	3.657	NaN	6.000	OE1	CD	NaN	NaN
A:531:_:TRP	VDW:MC_SC	A:532:_:CYS	3.625	NaN	6.000	C	CB	NaN	NaN
A:532:_:CYS	VDW:MC_SC	A:533:_:GLU	3.701	NaN	6.000	C	CB	NaN	NaN
A:532:_:CYS	VDW:SC_SC	A:591:_:LYS	3.709	NaN	6.000	SG	CG	NaN	NaN
A:533:_:GLU	VDW:SC_SC	A:585:_:HIS	3.749	NaN	6.000	CG	CE1	NaN	NaN
A:534:_:GLY	VDW:MC_SC	A:535:_:SER	3.181	NaN	6.000	C	CB	NaN	NaN
A:535:_:SER	VDW:MC_SC	A:536:_:SER	3.702	NaN	6.000	C	CB	NaN	NaN
A:535:_:SER	VDW:SC_SC	A:539:_:HIS	3.827	NaN	6.000	CB	CB	NaN	NaN
A:536:_:SER	VDW:MC_SC	A:537:_:LEU	3.717	NaN	6.000	C	CB	NaN	NaN
A:537:_:LEU	VDW:MC_SC	A:538:_:TYR	3.710	NaN	6.000	C	CB	NaN	NaN
A:537:_:LEU	VDW:SC_SC	A:541:_:LEU	3.413	NaN	6.000	CD1	CD1	NaN	NaN
A:537:_:LEU	VDW:SC_SC	A:649:_:LEU	3.900	NaN	6.000	CD2	CD2	NaN	NaN
A:537:_:LEU	VDW:SC_SC	A:556:_:ILE	3.847	NaN	6.000	CD2	CG2	NaN	NaN
A:538:_:TYR	VDW:MC_SC	A:539:_:HIS	3.719	NaN	6.000	C	CB	NaN	NaN
A:538:_:TYR	VDW:SC_MC	A:579:_:SER	3.814	NaN	6.000	CB	C	NaN	NaN
A:538:_:TYR	VDW:SC_SC	A:542:_:HIS	3.606	NaN	6.000	CD1	CD2	NaN	NaN
A:539:_:HIS	VDW:MC_SC	A:540:_:HIS	3.697	NaN	6.000	C	CB	NaN	NaN
A:539:_:HIS	VDW:SC_SC	A:543:_:ALA	3.287	NaN	6.000	CD2	CB	NaN	NaN
A:539:_:HIS	VDW:SC_SC	A:544:_:SER	3.562	NaN	6.000	CE1	CB	NaN	NaN
A:540:_:HIS	VDW:MC_SC	A:541:_:LEU	3.711	NaN	6.000	C	CB	NaN	NaN
A:540:_:HIS	VDW:SC_SC	A:584:_:LEU	3.472	NaN	6.000	CD2	CD1	NaN	NaN
A:541:_:LEU	VDW:MC_SC	A:542:_:HIS	3.282	NaN	6.000	C	CG	NaN	NaN
A:541:_:LEU	VDW:SC_SC	A:648:_:GLU	3.544	NaN	6.000	CD2	CB	NaN	NaN
A:541:_:LEU	VDW:SC_SC	A:649:_:LEU	3.695	NaN	6.000	CD2	CD2	NaN	NaN
A:542:_:HIS	VDW:MC_SC	A:543:_:ALA	3.637	NaN	6.000	C	CB	NaN	NaN
A:542:_:HIS	VDW:SC_MC	A:653:_:GLN	3.707	NaN	6.000	CE1	C	NaN	NaN
A:543:_:ALA	VDW:MC_SC	A:544:_:SER	3.560	NaN	6.000	C	CB	NaN	NaN
A:548:_:PHE	VDW:MC_SC	A:549:_:GLU	3.680	NaN	6.000	C	CB	NaN	NaN
A:548:_:PHE	VDW:SC_SC	A:553:_:LEU	3.549	NaN	6.000	CB	CD2	NaN	NaN
A:548:_:PHE	VDW:SC_SC	A:556:_:ILE	3.618	NaN	6.000	CE1	CD1	NaN	NaN
A:548:_:PHE	VDW:SC_SC	A:584:_:LEU	3.760	NaN	6.000	CZ	CD1	NaN	NaN
A:549:_:GLU	VDW:MC_SC	A:550:_:MET	3.721	NaN	6.000	C	CB	NaN	NaN
A:550:_:MET	VDW:MC_SC	A:551:_:LYS	3.712	NaN	6.000	C	CB	NaN	NaN
A:550:_:MET	VDW:SC_SC	A:686:_:PRO	3.546	NaN	6.000	SD	CD	NaN	NaN
A:550:_:MET	VDW:SC_SC	A:650:_:MET	3.878	NaN	6.000	CE	SD	NaN	NaN
A:550:_:MET	VDW:SC_SC	A:684:_:ASN	3.582	NaN	6.000	CE	OD1	NaN	NaN
A:550:_:MET	VDW:SC_SC	A:553:_:LEU	3.640	NaN	6.000	CE	CD1	NaN	NaN
A:551:_:LYS	VDW:MC_SC	A:552:_:LYS	3.715	NaN	6.000	C	CB	NaN	NaN
A:552:_:LYS	VDW:MC_SC	A:553:_:LEU	3.719	NaN	6.000	C	CB	NaN	NaN
A:553:_:LEU	VDW:MC_SC	A:554:_:ILE	3.736	NaN	6.000	C	CB	NaN	NaN
A:554:_:ILE	VDW:MC_SC	A:555:_:ASP	3.717	NaN	6.000	C	CB	NaN	NaN
A:554:_:ILE	VDW:SC_SC	A:686:_:PRO	3.492	NaN	6.000	CD1	CG	NaN	NaN
A:555:_:ASP	VDW:MC_SC	A:556:_:ILE	3.729	NaN	6.000	C	CB	NaN	NaN
A:555:_:ASP	VDW:MC_SC	A:558:_:ARG	3.843	NaN	6.000	C	CB	NaN	NaN
A:555:_:ASP	VDW:SC_SC	A:559:_:GLN	3.419	NaN	6.000	CG	NE2	NaN	NaN
A:556:_:ILE	VDW:MC_SC	A:557:_:ALA	3.694	NaN	6.000	C	CB	NaN	NaN
A:556:_:ILE	VDW:SC_SC	A:590:_:VAL	3.879	NaN	6.000	CG2	CG2	NaN	NaN
A:557:_:ALA	VDW:MC_SC	A:558:_:ARG	3.702	NaN	6.000	C	CB	NaN	NaN
A:557:_:ALA	VDW:SC_SC	A:649:_:LEU	3.546	NaN	6.000	CB	CD1	NaN	NaN
A:558:_:ARG	VDW:MC_SC	A:559:_:GLN	3.717	NaN	6.000	C	CB	NaN	NaN
A:558:_:ARG	VDW:SC_SC	A:562:_:ARG	3.578	NaN	6.000	CD	CZ	NaN	NaN
A:559:_:GLN	VDW:MC_SC	A:560:_:THR	3.742	NaN	6.000	C	CB	NaN	NaN
A:559:_:GLN	VDW:SC_SC	A:590:_:VAL	3.758	NaN	6.000	CB	CB	NaN	NaN
A:559:_:GLN	VDW:SC_SC	A:589:_:THR	3.539	NaN	6.000	OE1	CG2	NaN	NaN
A:560:_:THR	VDW:MC_SC	A:561:_:ALA	3.694	NaN	6.000	C	CB	NaN	NaN
A:560:_:THR	VDW:SC_SC	A:592:_:ILE	3.753	NaN	6.000	CG2	CD1	NaN	NaN
A:561:_:ALA	VDW:MC_SC	A:562:_:ARG	3.722	NaN	6.000	C	CB	NaN	NaN
A:562:_:ARG	VDW:SC_SC	A:711:_:LEU	3.587	NaN	6.000	CG	CD1	NaN	NaN
A:563:_:GLY	VDW:MC_SC	A:564:_:MET	3.712	NaN	6.000	C	CB	NaN	NaN
A:564:_:MET	VDW:MC_SC	A:565:_:ASP	3.712	NaN	6.000	C	CB	NaN	NaN
A:564:_:MET	VDW:SC_SC	A:707:_:PHE	3.298	NaN	6.000	CB	CZ	NaN	NaN
A:566:_:TYR	PIPISTACK:MC_MC	A:476:_:TRP	5.260	1.455	20.000	-9.728,-8.419,-8.086	-11.652,-9.754,-3.376	NaN	P
A:566:_:TYR	VDW:MC_SC	A:567:_:LEU	3.727	NaN	6.000	C	CB	NaN	NaN
A:566:_:TYR	VDW:SC_SC	A:476:_:TRP	3.654	NaN	6.000	CE1	CZ3	NaN	NaN
A:566:_:TYR	VDW:SC_SC	A:570:_:LYS	3.532	NaN	6.000	CZ	CE	NaN	NaN
A:567:_:LEU	VDW:MC_SC	A:568:_:HIS	3.703	NaN	6.000	C	CB	NaN	NaN
A:568:_:HIS	VDW:MC_SC	A:569:_:ALA	3.701	NaN	6.000	C	CB	NaN	NaN
A:568:_:HIS	VDW:SC_SC	A:638:_:ASP	3.546	NaN	6.000	CE1	CB	NaN	NaN
A:568:_:HIS	VDW:SC_SC	A:707:_:PHE	3.223	NaN	6.000	CE1	CD2	NaN	NaN
A:569:_:ALA	VDW:SC_SC	A:477:_:HIS	3.282	NaN	6.000	CB	CE1	NaN	NaN
A:570:_:LYS	VDW:MC_SC	A:571:_:SER	3.143	NaN	6.000	C	CB	NaN	NaN
A:571:_:SER	VDW:MC_SC	A:572:_:ILE	3.550	NaN	6.000	C	CB	NaN	NaN
A:572:_:ILE	VDW:MC_SC	A:573:_:ILE	3.682	NaN	6.000	C	CB	NaN	NaN
A:573:_:ILE	VDW:MC_SC	A:574:_:HIS	3.718	NaN	6.000	C	CB	NaN	NaN
A:573:_:ILE	VDW:SC_SC	A:575:_:ARG	3.679	NaN	6.000	CG2	CG	NaN	NaN
A:573:_:ILE	VDW:SC_SC	A:638:_:ASP	3.797	NaN	6.000	CG2	CG	NaN	NaN
A:574:_:HIS	VDW:MC_SC	A:575:_:ARG	2.957	NaN	6.000	C	CB	NaN	NaN
A:574:_:HIS	VDW:SC_SC	A:595:_:PHE	3.343	NaN	6.000	CD2	CB	NaN	NaN
A:574:_:HIS	VDW:SC_SC	A:592:_:ILE	3.466	NaN	6.000	CD2	CG2	NaN	NaN
A:574:_:HIS	VDW:SC_MC	A:576:_:ASP	3.251	NaN	6.000	CE1	C	NaN	NaN
A:575:_:ARG	VDW:MC_SC	A:576:_:ASP	3.178	NaN	6.000	C	CB	NaN	NaN
A:576:_:ASP	VDW:MC_SC	A:577:_:LEU	3.695	NaN	6.000	C	CB	NaN	NaN
A:576:_:ASP	VDW:SC_SC	A:578:_:LYS	3.735	NaN	6.000	CG	CE	NaN	NaN
A:577:_:LEU	VDW:MC_SC	A:578:_:LYS	3.203	NaN	6.000	C	CB	NaN	NaN
A:578:_:LYS	VDW:MC_SC	A:579:_:SER	3.722	NaN	6.000	C	CB	NaN	NaN
A:578:_:LYS	VDW:SC_SC	A:619:_:TRP	3.338	NaN	6.000	CB	CD2	NaN	NaN
A:578:_:LYS	VDW:SC_SC	A:581:_:ASN	3.710	NaN	6.000	CE	ND2	NaN	NaN
A:579:_:SER	VDW:MC_SC	A:580:_:ASN	3.653	NaN	6.000	C	CB	NaN	NaN
A:579:_:SER	VDW:SC_SC	A:648:_:GLU	3.453	NaN	6.000	CB	CD	NaN	NaN
A:580:_:ASN	VDW:MC_SC	A:581:_:ASN	3.553	NaN	6.000	C	OD1	NaN	NaN
A:581:_:ASN	VDW:MC_SC	A:582:_:ILE	3.495	NaN	6.000	C	CB	NaN	NaN
A:581:_:ASN	VDW:SC_SC	A:594:_:ASP	3.369	NaN	6.000	ND2	CB	NaN	NaN
A:582:_:ILE	VDW:MC_SC	A:583:_:PHE	3.576	NaN	6.000	C	CB	NaN	NaN
A:582:_:ILE	VDW:SC_SC	A:590:_:VAL	3.703	NaN	6.000	CG2	CG1	NaN	NaN
A:583:_:PHE	VDW:MC_SC	A:584:_:LEU	3.671	NaN	6.000	C	CB	NaN	NaN
A:584:_:LEU	VDW:MC_SC	A:585:_:HIS	3.717	NaN	6.000	C	CB	NaN	NaN
A:584:_:LEU	VDW:SC_SC	A:590:_:VAL	3.593	NaN	6.000	CD2	CG2	NaN	NaN
A:585:_:HIS	VDW:MC_SC	A:586:_:GLU	2.980	NaN	6.000	C	CB	NaN	NaN
A:585:_:HIS	VDW:SC_SC	A:591:_:LYS	3.881	NaN	6.000	CB	CG	NaN	NaN
A:586:_:GLU	VDW:MC_SC	A:587:_:ASP	2.978	NaN	6.000	C	CB	NaN	NaN
A:588:_:ASN	VDW:MC_SC	A:589:_:THR	3.643	NaN	6.000	C	CB	NaN	NaN
A:589:_:THR	VDW:MC_SC	A:590:_:VAL	3.669	NaN	6.000	C	CB	NaN	NaN
A:590:_:VAL	VDW:MC_SC	A:591:_:LYS	3.460	NaN	6.000	C	CB	NaN	NaN
A:593:_:GLY	VDW:MC_SC	A:594:_:ASP	2.947	NaN	6.000	C	CB	NaN	NaN
A:593:_:GLY	VDW:MC_SC	A:595:_:PHE	3.840	NaN	6.000	C	CD1	NaN	NaN
A:594:_:ASP	VDW:MC_SC	A:595:_:PHE	3.658	NaN	6.000	C	CB	NaN	NaN
A:615:_:GLY	VDW:MC_SC	A:616:_:SER	3.681	NaN	6.000	C	CB	NaN	NaN
A:616:_:SER	VDW:MC_SC	A:617:_:ILE	3.579	NaN	6.000	C	CB	NaN	NaN
A:616:_:SER	VDW:SC_SC	A:619:_:TRP	3.647	NaN	6.000	CB	CZ3	NaN	NaN
A:617:_:ILE	VDW:MC_SC	A:618:_:LEU	3.706	NaN	6.000	C	CB	NaN	NaN
A:617:_:ILE	VDW:SC_SC	A:620:_:MET	3.654	NaN	6.000	CG2	SD	NaN	NaN
A:617:_:ILE	VDW:SC_SC	A:666:_:ILE	3.347	NaN	6.000	CD1	CG1	NaN	NaN
A:617:_:ILE	VDW:SC_SC	A:662:_:ARG	3.337	NaN	6.000	CD1	CG	NaN	NaN
A:618:_:LEU	VDW:MC_SC	A:619:_:TRP	3.580	NaN	6.000	C	CB	NaN	NaN
A:618:_:LEU	VDW:SC_SC	A:656:_:TYR	3.432	NaN	6.000	CD2	CD2	NaN	NaN
A:619:_:TRP	VDW:SC_SC	A:644:_:ILE	3.246	NaN	6.000	CD1	CG2	NaN	NaN
A:619:_:TRP	VDW:SC_SC	A:654:_:LEU	3.735	NaN	6.000	CZ2	CD2	NaN	NaN
A:620:_:MET	VDW:MC_SC	A:621:_:ALA	3.704	NaN	6.000	C	CB	NaN	NaN
A:620:_:MET	VDW:MC_SC	A:640:_:TYR	3.607	NaN	6.000	C	CE2	NaN	NaN
A:620:_:MET	VDW:SC_SC	A:624:_:VAL	3.446	NaN	6.000	CE	CG1	NaN	NaN
A:620:_:MET	VDW:SC_SC	A:625:_:ILE	3.686	NaN	6.000	CE	CG1	NaN	NaN
A:621:_:ALA	VDW:SC_SC	A:623:_:GLU	3.423	NaN	6.000	CB	CD	NaN	NaN
A:621:_:ALA	VDW:SC_SC	A:640:_:TYR	3.800	NaN	6.000	CB	CG	NaN	NaN
A:622:_:PRO	VDW:MC_SC	A:623:_:GLU	3.724	NaN	6.000	C	CB	NaN	NaN
A:623:_:GLU	VDW:MC_SC	A:624:_:VAL	3.713	NaN	6.000	C	CB	NaN	NaN
A:624:_:VAL	VDW:MC_SC	A:625:_:ILE	3.742	NaN	6.000	C	CB	NaN	NaN
A:624:_:VAL	VDW:SC_SC	A:633:_:TYR	3.834	NaN	6.000	CG1	CZ	NaN	NaN
A:624:_:VAL	VDW:SC_SC	A:637:_:SER	3.641	NaN	6.000	CG2	CB	NaN	NaN
A:625:_:ILE	VDW:MC_SC	A:626:_:ARG	3.697	NaN	6.000	C	CB	NaN	NaN
A:625:_:ILE	VDW:SC_SC	A:666:_:ILE	3.515	NaN	6.000	CG2	CG2	NaN	NaN
A:625:_:ILE	VDW:SC_SC	A:669:_:VAL	3.747	NaN	6.000	CD1	CG1	NaN	NaN
A:632:_:PRO	VDW:MC_SC	A:633:_:TYR	3.654	NaN	6.000	C	CB	NaN	NaN
A:633:_:TYR	VDW:MC_SC	A:634:_:SER	3.291	NaN	6.000	C	CB	NaN	NaN
A:634:_:SER	VDW:MC_SC	A:635:_:PHE	3.713	NaN	6.000	C	CB	NaN	NaN
A:634:_:SER	VDW:SC_SC	A:636:_:GLN	3.578	NaN	6.000	CB	NE2	NaN	NaN
A:635:_:PHE	VDW:MC_SC	A:636:_:GLN	3.705	NaN	6.000	C	CB	NaN	NaN
A:636:_:GLN	VDW:MC_SC	A:637:_:SER	3.701	NaN	6.000	C	CB	NaN	NaN
A:636:_:GLN	VDW:SC_SC	A:701:_:ARG	3.027	NaN	6.000	OE1	CD	NaN	NaN
A:638:_:ASP	VDW:MC_SC	A:639:_:VAL	3.744	NaN	6.000	C	CB	NaN	NaN
A:639:_:VAL	VDW:MC_SC	A:640:_:TYR	3.719	NaN	6.000	C	CB	NaN	NaN
A:639:_:VAL	VDW:SC_SC	A:696:_:CYS	3.644	NaN	6.000	CG1	SG	NaN	NaN
A:639:_:VAL	VDW:SC_SC	A:710:_:ILE	3.577	NaN	6.000	CG1	CD1	NaN	NaN
A:639:_:VAL	VDW:SC_SC	A:707:_:PHE	3.888	NaN	6.000	CG2	CE2	NaN	NaN
A:640:_:TYR	VDW:MC_SC	A:641:_:ALA	3.706	NaN	6.000	C	CB	NaN	NaN
A:640:_:TYR	VDW:SC_SC	A:704:_:ARG	3.761	NaN	6.000	CB	CZ	NaN	NaN
A:640:_:TYR	VDW:SC_SC	A:644:_:ILE	3.666	NaN	6.000	CE2	CG1	NaN	NaN
A:641:_:ALA	VDW:MC_SC	A:642:_:PHE	3.709	NaN	6.000	C	CB	NaN	NaN
A:642:_:PHE	VDW:SC_SC	A:707:_:PHE	3.756	NaN	6.000	CB	CZ	NaN	NaN
A:644:_:ILE	VDW:MC_SC	A:645:_:VAL	3.736	NaN	6.000	C	CB	NaN	NaN
A:644:_:ILE	VDW:SC_SC	A:655:_:PRO	3.685	NaN	6.000	CG2	CG	NaN	NaN
A:644:_:ILE	VDW:SC_SC	A:697:_:LEU	3.369	NaN	6.000	CD1	CD2	NaN	NaN
A:644:_:ILE	VDW:SC_SC	A:676:_:PRO	3.827	NaN	6.000	CD1	CG	NaN	NaN
A:645:_:VAL	VDW:MC_SC	A:646:_:LEU	3.720	NaN	6.000	C	CB	NaN	NaN
A:646:_:LEU	VDW:MC_SC	A:647:_:TYR	3.714	NaN	6.000	C	CB	NaN	NaN
A:646:_:LEU	VDW:MC_SC	A:693:_:MET	3.696	NaN	6.000	C	CE	NaN	NaN
A:647:_:TYR	VDW:MC_SC	A:648:_:GLU	3.717	NaN	6.000	C	CB	NaN	NaN
A:647:_:TYR	VDW:SC_SC	A:676:_:PRO	3.760	NaN	6.000	CD1	CB	NaN	NaN
A:647:_:TYR	VDW:SC_SC	A:655:_:PRO	3.704	NaN	6.000	CD2	CG	NaN	NaN
A:647:_:TYR	VDW:SC_MC	A:677:_:ASP	3.772	NaN	6.000	CE1	C	NaN	NaN
A:647:_:TYR	VDW:SC_SC	A:651:_:THR	3.661	NaN	6.000	CE1	CG2	NaN	NaN
A:648:_:GLU	VDW:SC_SC	A:654:_:LEU	3.761	NaN	6.000	CD	CD2	NaN	NaN
A:649:_:LEU	VDW:MC_SC	A:650:_:MET	3.660	NaN	6.000	C	CB	NaN	NaN
A:650:_:MET	VDW:MC_SC	A:651:_:THR	3.538	NaN	6.000	C	CB	NaN	NaN
A:650:_:MET	VDW:SC_SC	A:693:_:MET	3.441	NaN	6.000	CG	CE	NaN	NaN
A:650:_:MET	VDW:SC_SC	A:685:_:CYS	3.554	NaN	6.000	CG	SG	NaN	NaN
A:650:_:MET	VDW:SC_SC	A:689:_:MET	3.581	NaN	6.000	CE	CG	NaN	NaN
A:651:_:THR	VDW:SC_SC	A:681:_:VAL	3.852	NaN	6.000	CG2	CG1	NaN	NaN
A:652:_:GLY	VDW:MC_SC	A:653:_:GLN	3.203	NaN	6.000	C	CB	NaN	NaN
A:653:_:GLN	VDW:MC_SC	A:654:_:LEU	3.687	NaN	6.000	C	CB	NaN	NaN
A:653:_:GLN	VDW:SC_SC	A:680:_:LYS	3.165	NaN	6.000	NE2	CD	NaN	NaN
A:655:_:PRO	VDW:MC_SC	A:656:_:TYR	3.034	NaN	6.000	C	CB	NaN	NaN
A:656:_:TYR	VDW:SC_SC	A:665:_:ILE	3.541	NaN	6.000	CB	CD1	NaN	NaN
A:656:_:TYR	VDW:SC_SC	A:674:_:LEU	3.453	NaN	6.000	CE1	CG	NaN	NaN
A:656:_:TYR	VDW:SC_MC	A:675:_:SER	3.642	NaN	6.000	CE1	C	NaN	NaN
A:656:_:TYR	VDW:SC_SC	A:669:_:VAL	3.657	NaN	6.000	CZ	CG2	NaN	NaN
A:657:_:SER	VDW:MC_SC	A:658:_:ASN	3.713	NaN	6.000	C	CB	NaN	NaN
A:658:_:ASN	VDW:MC_SC	A:659:_:ILE	3.654	NaN	6.000	C	CB	NaN	NaN
A:659:_:ILE	VDW:MC_SC	A:660:_:ASN	3.638	NaN	6.000	C	CB	NaN	NaN
A:659:_:ILE	VDW:SC_SC	A:664:_:GLN	3.168	NaN	6.000	CG2	OE1	NaN	NaN
A:659:_:ILE	VDW:SC_SC	A:668:_:MET	3.673	NaN	6.000	CD1	CE	NaN	NaN
A:660:_:ASN	VDW:MC_SC	A:661:_:ASN	3.323	NaN	6.000	C	CB	NaN	NaN
A:661:_:ASN	VDW:SC_SC	A:664:_:GLN	3.452	NaN	6.000	CB	CB	NaN	NaN
A:661:_:ASN	VDW:SC_MC	A:662:_:ARG	3.519	NaN	6.000	OD1	C	NaN	NaN
A:662:_:ARG	VDW:SC_SC	A:666:_:ILE	3.585	NaN	6.000	CG	CD1	NaN	NaN
A:663:_:ASP	VDW:MC_SC	A:664:_:GLN	3.690	NaN	6.000	C	CB	NaN	NaN
A:664:_:GLN	VDW:MC_SC	A:665:_:ILE	3.742	NaN	6.000	C	CB	NaN	NaN
A:664:_:GLN	VDW:SC_SC	A:668:_:MET	3.590	NaN	6.000	CG	CE	NaN	NaN
A:665:_:ILE	VDW:MC_SC	A:666:_:ILE	3.740	NaN	6.000	C	CB	NaN	NaN
A:666:_:ILE	VDW:MC_SC	A:667:_:GLU	3.706	NaN	6.000	C	CB	NaN	NaN
A:667:_:GLU	VDW:MC_SC	A:668:_:MET	3.677	NaN	6.000	C	CB	NaN	NaN
A:668:_:MET	VDW:MC_SC	A:671:_:ARG	3.889	NaN	6.000	C	CG	NaN	NaN
A:668:_:MET	VDW:MC_SC	A:669:_:VAL	3.711	NaN	6.000	C	CB	NaN	NaN
A:668:_:MET	VDW:SC_SC	A:674:_:LEU	3.691	NaN	6.000	CB	CB	NaN	NaN
A:670:_:GLY	VDW:MC_SC	A:671:_:ARG	3.634	NaN	6.000	C	CB	NaN	NaN
A:672:_:GLY	VDW:MC_SC	A:673:_:SER	3.634	NaN	6.000	C	CB	NaN	NaN
A:673:_:SER	VDW:MC_SC	A:674:_:LEU	3.378	NaN	6.000	C	CB	NaN	NaN
A:674:_:LEU	VDW:MC_SC	A:675:_:SER	3.241	NaN	6.000	C	CB	NaN	NaN
A:675:_:SER	VDW:MC_SC	A:676:_:PRO	2.517	NaN	6.000	C	CD	NaN	NaN
A:676:_:PRO	VDW:MC_SC	A:677:_:ASP	3.681	NaN	6.000	C	CB	NaN	NaN
A:677:_:ASP	VDW:MC_SC	A:678:_:LEU	3.661	NaN	6.000	C	CB	NaN	NaN
A:678:_:LEU	VDW:MC_SC	A:679:_:SER	3.669	NaN	6.000	C	CB	NaN	NaN
A:678:_:LEU	VDW:MC_SC	A:681:_:VAL	3.884	NaN	6.000	C	CG1	NaN	NaN
A:678:_:LEU	VDW:SC_SC	A:690:_:LYS	3.489	NaN	6.000	CB	CE	NaN	NaN
A:679:_:SER	VDW:MC_SC	A:680:_:LYS	3.639	NaN	6.000	C	CB	NaN	NaN
A:680:_:LYS	VDW:MC_SC	A:681:_:VAL	3.746	NaN	6.000	C	CB	NaN	NaN
A:681:_:VAL	VDW:MC_SC	A:682:_:ARG	3.682	NaN	6.000	C	CB	NaN	NaN
A:682:_:ARG	VDW:MC_SC	A:683:_:SER	3.719	NaN	6.000	C	CB	NaN	NaN
A:682:_:ARG	VDW:SC_SC	A:684:_:ASN	3.164	NaN	6.000	CB	OD1	NaN	NaN
A:683:_:SER	VDW:MC_SC	A:684:_:ASN	3.698	NaN	6.000	C	CB	NaN	NaN
A:684:_:ASN	VDW:MC_SC	A:685:_:CYS	3.551	NaN	6.000	C	CB	NaN	NaN
A:686:_:PRO	VDW:MC_SC	A:687:_:LYS	3.672	NaN	6.000	C	CB	NaN	NaN
A:687:_:LYS	VDW:MC_SC	A:688:_:ARG	3.667	NaN	6.000	C	CB	NaN	NaN
A:688:_:ARG	VDW:MC_SC	A:689:_:MET	3.710	NaN	6.000	C	CB	NaN	NaN
A:688:_:ARG	VDW:SC_SC	A:717:_:LEU	3.729	NaN	6.000	CZ	CB	NaN	NaN
A:689:_:MET	VDW:MC_SC	A:690:_:LYS	3.723	NaN	6.000	C	CB	NaN	NaN
A:689:_:MET	VDW:SC_SC	A:717:_:LEU	3.758	NaN	6.000	CE	CD1	NaN	NaN
A:690:_:LYS	VDW:MC_SC	A:691:_:ARG	3.713	NaN	6.000	C	CB	NaN	NaN
A:691:_:ARG	VDW:MC_SC	A:692:_:LEU	3.708	NaN	6.000	C	CB	NaN	NaN
A:692:_:LEU	VDW:MC_SC	A:695:_:GLU	3.846	NaN	6.000	C	CB	NaN	NaN
A:692:_:LEU	VDW:MC_SC	A:693:_:MET	3.712	NaN	6.000	C	CB	NaN	NaN
A:692:_:LEU	VDW:SC_SC	A:710:_:ILE	3.835	NaN	6.000	CD2	CG2	NaN	NaN
A:692:_:LEU	VDW:SC_SC	A:714:_:ILE	3.327	NaN	6.000	CD2	CG1	NaN	NaN
A:693:_:MET	VDW:MC_SC	A:694:_:ALA	3.703	NaN	6.000	C	CB	NaN	NaN
A:693:_:MET	VDW:SC_SC	A:697:_:LEU	3.894	NaN	6.000	CG	CD1	NaN	NaN
A:694:_:ALA	VDW:MC_SC	A:695:_:GLU	3.715	NaN	6.000	C	CB	NaN	NaN
A:695:_:GLU	VDW:MC_SC	A:696:_:CYS	3.676	NaN	6.000	C	CB	NaN	NaN
A:695:_:GLU	VDW:SC_SC	A:705:_:PRO	3.739	NaN	6.000	CB	CG	NaN	NaN
A:696:_:CYS	VDW:MC_SC	A:697:_:LEU	3.658	NaN	6.000	C	CB	NaN	NaN
A:696:_:CYS	VDW:SC_SC	A:710:_:ILE	3.713	NaN	6.000	SG	CD1	NaN	NaN
A:697:_:LEU	VDW:MC_SC	A:698:_:LYS	3.719	NaN	6.000	C	CB	NaN	NaN
A:698:_:LYS	VDW:MC_SC	A:699:_:LYS	3.727	NaN	6.000	C	CB	NaN	NaN
A:698:_:LYS	VDW:SC_SC	A:704:_:ARG	3.856	NaN	6.000	CB	CG	NaN	NaN
A:698:_:LYS	VDW:SC_SC	A:703:_:GLU	3.545	NaN	6.000	CD	CB	NaN	NaN
A:699:_:LYS	VDW:MC_SC	A:700:_:LYS	3.654	NaN	6.000	C	CB	NaN	NaN
A:700:_:LYS	VDW:MC_SC	A:701:_:ARG	3.702	NaN	6.000	C	CB	NaN	NaN
A:700:_:LYS	VDW:SC_SC	A:703:_:GLU	3.497	NaN	6.000	CD	CD	NaN	NaN
A:700:_:LYS	IONIC:SC_SC	A:703:_:GLU	3.857	NaN	20.000	NZ	-11.644,-36.287,-20.080	A:700:_:LYS	NaN
A:701:_:ARG	VDW:MC_SC	A:702:_:ASP	3.696	NaN	6.000	C	CB	NaN	NaN
A:702:_:ASP	VDW:MC_SC	A:703:_:GLU	3.661	NaN	6.000	C	CB	NaN	NaN
A:703:_:GLU	VDW:MC_SC	A:704:_:ARG	3.602	NaN	6.000	C	CB	NaN	NaN
A:704:_:ARG	VDW:MC_SC	A:705:_:PRO	2.486	NaN	6.000	C	CD	NaN	NaN
A:705:_:PRO	VDW:MC_SC	A:706:_:SER	3.719	NaN	6.000	C	CB	NaN	NaN
A:706:_:SER	VDW:MC_SC	A:707:_:PHE	3.717	NaN	6.000	C	CB	NaN	NaN
A:706:_:SER	VDW:MC_SC	A:710:_:ILE	3.607	NaN	6.000	C	CG1	NaN	NaN
A:706:_:SER	VDW:SC_SC	A:708:_:PRO	3.554	NaN	6.000	CB	CD	NaN	NaN
A:707:_:PHE	VDW:MC_SC	A:708:_:PRO	2.559	NaN	6.000	C	CD	NaN	NaN
A:707:_:PHE	VDW:SC_SC	A:710:_:ILE	3.638	NaN	6.000	CD1	CD1	NaN	NaN
A:708:_:PRO	VDW:MC_SC	A:709:_:ARG	3.718	NaN	6.000	C	CB	NaN	NaN
A:709:_:ARG	VDW:MC_SC	A:710:_:ILE	3.736	NaN	6.000	C	CB	NaN	NaN
A:709:_:ARG	VDW:MC_SC	A:713:_:GLU	3.782	NaN	6.000	C	CG	NaN	NaN
A:710:_:ILE	VDW:MC_SC	A:711:_:LEU	3.715	NaN	6.000	C	CB	NaN	NaN
A:711:_:LEU	VDW:MC_SC	A:712:_:ALA	3.702	NaN	6.000	C	CB	NaN	NaN
A:712:_:ALA	VDW:MC_SC	A:713:_:GLU	3.714	NaN	6.000	C	CB	NaN	NaN
A:713:_:GLU	VDW:MC_SC	A:714:_:ILE	3.736	NaN	6.000	C	CB	NaN	NaN
A:713:_:GLU	VDW:MC_SC	A:717:_:LEU	3.439	NaN	6.000	C	CD2	NaN	NaN
A:714:_:ILE	VDW:MC_SC	A:715:_:GLU	3.710	NaN	6.000	C	CB	NaN	NaN
A:714:_:ILE	VDW:MC_SC	A:717:_:LEU	3.759	NaN	6.000	C	CG	NaN	NaN
A:715:_:GLU	VDW:MC_SC	A:716:_:GLU	3.710	NaN	6.000	C	CB	NaN	NaN
A:715:_:GLU	VDW:MC_SC	A:718:_:ALA	3.779	NaN	6.000	C	CB	NaN	NaN
A:716:_:GLU	VDW:MC_SC	A:717:_:LEU	3.687	NaN	6.000	C	CB	NaN	NaN
A:717:_:LEU	VDW:MC_SC	A:718:_:ALA	3.610	NaN	6.000	C	CB	NaN	NaN
A:718:_:ALA	VDW:MC_SC	A:719:_:ARG	3.712	NaN	6.000	C	CB	NaN	NaN
A:719:_:ARG	VDW:MC_SC	A:720:_:GLU	3.715	NaN	6.000	C	CB	NaN	NaN
B:449:_:ASP	VDW:MC_SC	B:450:_:TRP	3.628	NaN	6.000	C	CB	NaN	NaN
B:450:_:TRP	VDW:MC_SC	B:451:_:GLU	3.710	NaN	6.000	C	CB	NaN	NaN
B:450:_:TRP	VDW:MC_SC	B:519:_:TYR	3.722	NaN	6.000	C	CE2	NaN	NaN
B:450:_:TRP	VDW:SC_SC	B:516:_:PHE	3.863	NaN	6.000	CB	CZ	NaN	NaN
B:451:_:GLU	VDW:MC_SC	B:452:_:ILE	3.705	NaN	6.000	C	CB	NaN	NaN
B:451:_:GLU	VDW:SC_SC	B:519:_:TYR	3.654	NaN	6.000	CB	CZ	NaN	NaN
B:452:_:ILE	VDW:MC_SC	B:453:_:PRO	2.514	NaN	6.000	C	CD	NaN	NaN
B:452:_:ILE	VDW:SC_SC	B:457:_:ILE	3.861	NaN	6.000	CG2	CD1	NaN	NaN
B:452:_:ILE	VDW:SC_SC	B:528:_:VAL	3.820	NaN	6.000	CD1	CG2	NaN	NaN
B:453:_:PRO	VDW:MC_SC	B:454:_:ASP	3.711	NaN	6.000	C	CB	NaN	NaN
B:454:_:ASP	VDW:SC_SC	B:523:_:PRO	2.915	NaN	6.000	CG	CG	NaN	NaN
B:456:_:GLN	VDW:MC_SC	B:476:_:TRP	3.683	NaN	6.000	C	CD1	NaN	NaN
B:457:_:ILE	VDW:MC_SC	B:458:_:THR	3.665	NaN	6.000	C	CB	NaN	NaN
B:458:_:THR	VDW:MC_SC	B:459:_:VAL	3.685	NaN	6.000	C	CB	NaN	NaN
B:460:_:GLY	VDW:MC_SC	B:461:_:GLN	3.720	NaN	6.000	C	CB	NaN	NaN
B:461:_:GLN	VDW:MC_SC	B:472:_:TYR	3.785	NaN	6.000	C	CD2	NaN	NaN
B:461:_:GLN	VDW:MC_SC	B:462:_:ARG	3.696	NaN	6.000	C	CB	NaN	NaN
B:462:_:ARG	VDW:MC_SC	B:463:_:ILE	3.351	NaN	6.000	C	CD1	NaN	NaN
B:462:_:ARG	VDW:SC_SC	B:472:_:TYR	3.371	NaN	6.000	CB	CE2	NaN	NaN
B:463:_:ILE	VDW:SC_SC	B:471:_:VAL	3.753	NaN	6.000	CB	CG2	NaN	NaN
B:463:_:ILE	VDW:SC_MC	B:472:_:TYR	3.817	NaN	6.000	CD1	C	NaN	NaN
B:464:_:GLY	VDW:MC_SC	B:465:_:SER	3.326	NaN	6.000	C	CB	NaN	NaN
B:465:_:SER	VDW:SC_MC	B:469:_:GLY	3.723	NaN	6.000	CB	C	NaN	NaN
B:466:_:GLY	VDW:MC_SC	B:467:_:SER	3.693	NaN	6.000	C	CB	NaN	NaN
B:467:_:SER	VDW:MC_SC	B:468:_:PHE	3.647	NaN	6.000	C	CB	NaN	NaN
B:468:_:PHE	VDW:MC_SC	B:485:_:LEU	3.800	NaN	6.000	C	CD1	NaN	NaN
B:468:_:PHE	VDW:SC_SC	B:498:_:PHE	3.746	NaN	6.000	CE1	CD1	NaN	NaN
B:468:_:PHE	VDW:SC_SC	B:527:_:ILE	3.573	NaN	6.000	CE1	CD1	NaN	NaN
B:468:_:PHE	VDW:SC_SC	B:501:_:GLU	3.856	NaN	6.000	CE1	CD	NaN	NaN
B:469:_:GLY	VDW:MC_SC	B:470:_:THR	3.597	NaN	6.000	C	CB	NaN	NaN
B:470:_:THR	VDW:MC_SC	B:471:_:VAL	3.500	NaN	6.000	C	CG1	NaN	NaN
B:470:_:THR	VDW:SC_SC	B:472:_:TYR	3.838	NaN	6.000	CB	CE1	NaN	NaN
B:471:_:VAL	VDW:MC_SC	B:472:_:TYR	3.421	NaN	6.000	C	CB	NaN	NaN
B:472:_:TYR	VDW:MC_SC	B:473:_:LYS	3.706	NaN	6.000	C	CB	NaN	NaN
B:472:_:TYR	VDW:SC_SC	B:484:_:MET	3.160	NaN	6.000	CD1	SD	NaN	NaN
B:474:_:GLY	VDW:MC_SC	B:475:_:LYS	3.386	NaN	6.000	C	CB	NaN	NaN
B:474:_:GLY	VDW:MC_SC	B:480:_:VAL	3.396	NaN	6.000	C	CG2	NaN	NaN
B:475:_:LYS	VDW:MC_SC	B:476:_:TRP	3.138	NaN	6.000	C	CB	NaN	NaN
B:476:_:TRP	VDW:SC_SC	B:480:_:VAL	3.855	NaN	6.000	CB	CG1	NaN	NaN
B:480:_:VAL	VDW:MC_SC	B:481:_:ALA	3.488	NaN	6.000	C	CB	NaN	NaN
B:481:_:ALA	VDW:MC_SC	B:482:_:VAL	3.539	NaN	6.000	C	CB	NaN	NaN
B:482:_:VAL	VDW:MC_SC	B:483:_:LYS	3.543	NaN	6.000	C	CB	NaN	NaN
B:483:_:LYS	VDW:MC_SC	B:484:_:MET	3.448	NaN	6.000	C	CB	NaN	NaN
B:483:_:LYS	IONIC:SC_SC	B:501:_:GLU	2.588	NaN	20.000	NZ	-9.284,3.418,6.657	B:483:_:LYS	NaN
B:484:_:MET	VDW:MC_SC	B:485:_:LEU	3.654	NaN	6.000	C	CB	NaN	NaN
B:485:_:LEU	VDW:MC_SC	B:486:_:ASN	3.660	NaN	6.000	C	CB	NaN	NaN
B:485:_:LEU	VDW:SC_SC	B:494:_:GLN	3.611	NaN	6.000	CD1	OE1	NaN	NaN
B:485:_:LEU	VDW:SC_SC	B:487:_:VAL	3.454	NaN	6.000	CD2	CG2	NaN	NaN
B:486:_:ASN	VDW:MC_SC	B:487:_:VAL	3.546	NaN	6.000	C	CB	NaN	NaN
B:486:_:ASN	VDW:SC_SC	B:524:_:GLN	3.293	NaN	6.000	CB	NE2	NaN	NaN
B:487:_:VAL	VDW:MC_SC	B:488:_:THR	3.749	NaN	6.000	C	CB	NaN	NaN
B:487:_:VAL	VDW:SC_SC	B:494:_:GLN	3.268	NaN	6.000	CG1	OE1	NaN	NaN
B:487:_:VAL	VDW:SC_SC	B:490:_:PRO	3.888	NaN	6.000	CG2	CG	NaN	NaN
B:490:_:PRO	VDW:MC_SC	B:494:_:GLN	3.305	NaN	6.000	C	NE2	NaN	NaN
B:490:_:PRO	VDW:MC_SC	B:491:_:THR	3.730	NaN	6.000	C	CB	NaN	NaN
B:491:_:THR	VDW:MC_SC	B:492:_:PRO	2.519	NaN	6.000	C	CD	NaN	NaN
B:493:_:GLN	VDW:MC_SC	B:494:_:GLN	3.715	NaN	6.000	C	CB	NaN	NaN
B:494:_:GLN	VDW:MC_SC	B:495:_:LEU	3.705	NaN	6.000	C	CB	NaN	NaN
B:495:_:LEU	VDW:MC_SC	B:496:_:GLN	3.721	NaN	6.000	C	CB	NaN	NaN
B:495:_:LEU	VDW:SC_SC	B:499:_:LYS	3.699	NaN	6.000	CG	CE	NaN	NaN
B:496:_:GLN	VDW:MC_SC	B:497:_:ALA	3.698	NaN	6.000	C	CB	NaN	NaN
B:496:_:GLN	VDW:SC_SC	B:499:_:LYS	3.275	NaN	6.000	OE1	CE	NaN	NaN
B:497:_:ALA	VDW:MC_SC	B:498:_:PHE	3.707	NaN	6.000	C	CB	NaN	NaN
B:498:_:PHE	VDW:MC_SC	B:499:_:LYS	3.724	NaN	6.000	C	CB	NaN	NaN
B:498:_:PHE	VDW:SC_SC	B:525:_:LEU	3.709	NaN	6.000	CB	CD1	NaN	NaN
B:498:_:PHE	VDW:SC_MC	B:526:_:ALA	3.681	NaN	6.000	CE1	C	NaN	NaN
B:498:_:PHE	VDW:SC_SC	B:527:_:ILE	3.753	NaN	6.000	CE1	CG1	NaN	NaN
B:498:_:PHE	VDW:SC_SC	B:521:_:THR	3.774	NaN	6.000	CE2	CG2	NaN	NaN
B:498:_:PHE	VDW:SC_SC	B:519:_:TYR	3.861	NaN	6.000	CZ	CB	NaN	NaN
B:499:_:LYS	VDW:MC_SC	B:500:_:ASN	3.719	NaN	6.000	C	CB	NaN	NaN
B:500:_:ASN	VDW:MC_SC	B:501:_:GLU	3.716	NaN	6.000	C	CB	NaN	NaN
B:501:_:GLU	VDW:MC_SC	B:502:_:VAL	3.726	NaN	6.000	C	CB	NaN	NaN
B:501:_:GLU	VDW:MC_SC	B:504:_:VAL	3.491	NaN	6.000	C	CG1	NaN	NaN
B:501:_:GLU	VDW:SC_SC	B:527:_:ILE	3.299	NaN	6.000	CD	CD1	NaN	NaN
B:502:_:VAL	VDW:SC_SC	B:519:_:TYR	3.688	NaN	6.000	CG2	CB	NaN	NaN
B:503:_:GLY	VDW:MC_SC	B:504:_:VAL	3.712	NaN	6.000	C	CB	NaN	NaN
B:504:_:VAL	VDW:MC_SC	B:505:_:LEU	3.704	NaN	6.000	C	CB	NaN	NaN
B:504:_:VAL	VDW:SC_SC	B:572:_:ILE	3.634	NaN	6.000	CG2	CD1	NaN	NaN
B:505:_:LEU	VDW:MC_SC	B:506:_:ARG	3.714	NaN	6.000	C	CB	NaN	NaN
B:505:_:LEU	VDW:SC_SC	B:516:_:PHE	3.588	NaN	6.000	CB	CG	NaN	NaN
B:505:_:LEU	VDW:SC_SC	B:595:_:PHE	3.644	NaN	6.000	CD2	CE1	NaN	NaN
B:506:_:ARG	VDW:MC_SC	B:507:_:LYS	3.627	NaN	6.000	C	CB	NaN	NaN
B:507:_:LYS	VDW:MC_SC	B:508:_:THR	3.524	NaN	6.000	C	CB	NaN	NaN
B:507:_:LYS	IONIC:SC_SC	B:600:_:GLU	2.707	NaN	20.000	NZ	-14.744,12.798,-1.919	B:507:_:LYS	NaN
B:508:_:THR	VDW:MC_SC	B:509:_:ARG	3.310	NaN	6.000	C	CB	NaN	NaN
B:509:_:ARG	VDW:MC_SC	B:510:_:HIS	3.328	NaN	6.000	C	CB	NaN	NaN
B:510:_:HIS	VDW:MC_SC	B:511:_:VAL	3.730	NaN	6.000	C	CB	NaN	NaN
B:510:_:HIS	VDW:SC_SC	B:513:_:ILE	3.568	NaN	6.000	CB	CG1	NaN	NaN
B:510:_:HIS	VDW:SC_SC	B:566:_:TYR	3.644	NaN	6.000	CD2	CB	NaN	NaN
B:510:_:HIS	VDW:SC_SC	B:512:_:ASN	3.355	NaN	6.000	CE1	OD1	NaN	NaN
B:511:_:VAL	VDW:MC_SC	B:512:_:ASN	3.582	NaN	6.000	C	CB	NaN	NaN
B:512:_:ASN	VDW:MC_SC	B:513:_:ILE	3.525	NaN	6.000	C	CB	NaN	NaN
B:512:_:ASN	VDW:SC_SC	B:562:_:ARG	3.637	NaN	6.000	OD1	CB	NaN	NaN
B:512:_:ASN	VDW:SC_SC	B:559:_:GLN	3.642	NaN	6.000	ND2	CB	NaN	NaN
B:513:_:ILE	VDW:MC_SC	B:514:_:LEU	3.704	NaN	6.000	C	CB	NaN	NaN
B:513:_:ILE	VDW:SC_SC	B:595:_:PHE	3.546	NaN	6.000	CG2	CZ	NaN	NaN
B:514:_:LEU	VDW:MC_SC	B:515:_:LEU	3.692	NaN	6.000	C	CB	NaN	NaN
B:515:_:LEU	VDW:MC_SC	B:516:_:PHE	3.703	NaN	6.000	C	CB	NaN	NaN
B:515:_:LEU	VDW:SC_SC	B:530:_:GLN	3.070	NaN	6.000	CB	OE1	NaN	NaN
B:516:_:PHE	VDW:SC_MC	B:518:_:GLY	3.668	NaN	6.000	CE1	C	NaN	NaN
B:518:_:GLY	VDW:MC_SC	B:519:_:TYR	3.317	NaN	6.000	C	CB	NaN	NaN
B:519:_:TYR	VDW:MC_SC	B:520:_:SER	3.158	NaN	6.000	C	CB	NaN	NaN
B:519:_:TYR	VDW:SC_SC	B:521:_:THR	3.838	NaN	6.000	CE1	CG2	NaN	NaN
B:520:_:SER	VDW:MC_SC	B:521:_:THR	3.372	NaN	6.000	C	CG2	NaN	NaN
B:520:_:SER	VDW:SC_SC	B:526:_:ALA	3.688	NaN	6.000	CB	CB	NaN	NaN
B:521:_:THR	VDW:MC_SC	B:522:_:ALA	3.708	NaN	6.000	C	CB	NaN	NaN
B:521:_:THR	VDW:MC_SC	B:523:_:PRO	3.057	NaN	6.000	C	CD	NaN	NaN
B:523:_:PRO	VDW:MC_SC	B:524:_:GLN	3.629	NaN	6.000	C	CB	NaN	NaN
B:524:_:GLN	VDW:MC_SC	B:525:_:LEU	3.657	NaN	6.000	C	CB	NaN	NaN
B:525:_:LEU	VDW:MC_SC	B:526:_:ALA	3.368	NaN	6.000	C	CB	NaN	NaN
B:526:_:ALA	VDW:MC_SC	B:527:_:ILE	3.484	NaN	6.000	C	CB	NaN	NaN
B:527:_:ILE	VDW:MC_SC	B:528:_:VAL	3.660	NaN	6.000	C	CB	NaN	NaN
B:528:_:VAL	VDW:MC_SC	B:529:_:THR	3.200	NaN	6.000	C	CG2	NaN	NaN
B:529:_:THR	VDW:MC_SC	B:530:_:GLN	3.712	NaN	6.000	C	CB	NaN	NaN
B:530:_:GLN	VDW:MC_SC	B:531:_:TRP	3.648	NaN	6.000	C	CB	NaN	NaN
B:530:_:GLN	VDW:SC_SC	B:591:_:LYS	3.375	NaN	6.000	OE1	CD	NaN	NaN
B:531:_:TRP	VDW:MC_SC	B:532:_:CYS	3.563	NaN	6.000	C	CB	NaN	NaN
B:532:_:CYS	VDW:MC_SC	B:533:_:GLU	3.695	NaN	6.000	C	CB	NaN	NaN
B:532:_:CYS	VDW:SC_SC	B:583:_:PHE	3.482	NaN	6.000	CB	CD1	NaN	NaN
B:533:_:GLU	VDW:SC_SC	B:585:_:HIS	3.605	NaN	6.000	CB	CE1	NaN	NaN
B:534:_:GLY	VDW:MC_SC	B:535:_:SER	3.518	NaN	6.000	C	CB	NaN	NaN
B:535:_:SER	VDW:MC_SC	B:536:_:SER	3.716	NaN	6.000	C	CB	NaN	NaN
B:535:_:SER	VDW:MC_SC	B:540:_:HIS	3.677	NaN	6.000	C	CD2	NaN	NaN
B:535:_:SER	VDW:SC_SC	B:539:_:HIS	3.579	NaN	6.000	CB	CB	NaN	NaN
B:536:_:SER	VDW:MC_SC	B:537:_:LEU	3.705	NaN	6.000	C	CB	NaN	NaN
B:537:_:LEU	VDW:MC_SC	B:538:_:TYR	3.710	NaN	6.000	C	CB	NaN	NaN
B:537:_:LEU	VDW:SC_SC	B:584:_:LEU	3.715	NaN	6.000	CD1	CD1	NaN	NaN
B:537:_:LEU	VDW:SC_SC	B:556:_:ILE	3.754	NaN	6.000	CD1	CD1	NaN	NaN
B:537:_:LEU	VDW:SC_SC	B:541:_:LEU	3.614	NaN	6.000	CD1	CD1	NaN	NaN
B:537:_:LEU	VDW:SC_SC	B:649:_:LEU	3.647	NaN	6.000	CD2	CD2	NaN	NaN
B:538:_:TYR	VDW:MC_SC	B:539:_:HIS	3.714	NaN	6.000	C	CB	NaN	NaN
B:538:_:TYR	VDW:SC_MC	B:579:_:SER	3.794	NaN	6.000	CB	C	NaN	NaN
B:538:_:TYR	VDW:SC_SC	B:542:_:HIS	3.286	NaN	6.000	CD1	CD2	NaN	NaN
B:539:_:HIS	VDW:MC_SC	B:540:_:HIS	3.710	NaN	6.000	C	CB	NaN	NaN
B:540:_:HIS	VDW:MC_SC	B:541:_:LEU	3.651	NaN	6.000	C	CB	NaN	NaN
B:540:_:HIS	VDW:SC_SC	B:548:_:PHE	3.651	NaN	6.000	CB	CE1	NaN	NaN
B:541:_:LEU	VDW:MC_SC	B:542:_:HIS	3.520	NaN	6.000	C	CB	NaN	NaN
B:541:_:LEU	VDW:SC_MC	B:648:_:GLU	3.685	NaN	6.000	CD2	C	NaN	NaN
B:542:_:HIS	VDW:MC_SC	B:543:_:ALA	3.628	NaN	6.000	C	CB	NaN	NaN
B:543:_:ALA	VDW:MC_SC	B:544:_:SER	3.300	NaN	6.000	C	CB	NaN	NaN
B:544:_:SER	VDW:MC_SC	B:545:_:GLU	3.580	NaN	6.000	C	CB	NaN	NaN
B:545:_:GLU	VDW:MC_SC	B:546:_:THR	3.686	NaN	6.000	C	CB	NaN	NaN
B:546:_:THR	VDW:MC_SC	B:547:_:LYS	3.567	NaN	6.000	C	CB	NaN	NaN
B:547:_:LYS	VDW:MC_SC	B:548:_:PHE	3.680	NaN	6.000	C	CB	NaN	NaN
B:548:_:PHE	VDW:MC_SC	B:549:_:GLU	3.621	NaN	6.000	C	CB	NaN	NaN
B:548:_:PHE	VDW:SC_SC	B:553:_:LEU	3.560	NaN	6.000	CB	CD2	NaN	NaN
B:548:_:PHE	VDW:SC_SC	B:552:_:LYS	3.298	NaN	6.000	CD2	CD	NaN	NaN
B:549:_:GLU	VDW:MC_SC	B:550:_:MET	3.712	NaN	6.000	C	CB	NaN	NaN
B:550:_:MET	VDW:MC_SC	B:551:_:LYS	3.720	NaN	6.000	C	CB	NaN	NaN
B:550:_:MET	VDW:SC_SC	B:684:_:ASN	3.674	NaN	6.000	CG	CB	NaN	NaN
B:550:_:MET	VDW:SC_SC	B:554:_:ILE	3.703	NaN	6.000	SD	CD1	NaN	NaN
B:550:_:MET	VDW:SC_SC	B:650:_:MET	3.478	NaN	6.000	CE	SD	NaN	NaN
B:550:_:MET	VDW:SC_SC	B:685:_:CYS	3.566	NaN	6.000	CE	CB	NaN	NaN
B:551:_:LYS	VDW:MC_SC	B:552:_:LYS	3.676	NaN	6.000	C	CB	NaN	NaN
B:552:_:LYS	VDW:MC_SC	B:553:_:LEU	3.718	NaN	6.000	C	CB	NaN	NaN
B:552:_:LYS	VDW:SC_SC	B:588:_:ASN	3.454	NaN	6.000	CE	OD1	NaN	NaN
B:553:_:LEU	VDW:MC_SC	B:554:_:ILE	3.737	NaN	6.000	C	CB	NaN	NaN
B:553:_:LEU	VDW:SC_SC	B:650:_:MET	3.610	NaN	6.000	CB	CE	NaN	NaN
B:553:_:LEU	VDW:SC_SC	B:682:_:ARG	3.733	NaN	6.000	CD1	CZ	NaN	NaN
B:554:_:ILE	VDW:MC_SC	B:555:_:ASP	3.721	NaN	6.000	C	CB	NaN	NaN
B:554:_:ILE	VDW:SC_SC	B:717:_:LEU	3.430	NaN	6.000	CG2	CD1	NaN	NaN
B:554:_:ILE	VDW:SC_SC	B:689:_:MET	3.796	NaN	6.000	CD1	CE	NaN	NaN
B:555:_:ASP	VDW:MC_SC	B:556:_:ILE	3.746	NaN	6.000	C	CB	NaN	NaN
B:555:_:ASP	VDW:SC_SC	B:559:_:GLN	3.403	NaN	6.000	CG	NE2	NaN	NaN
B:556:_:ILE	VDW:MC_SC	B:557:_:ALA	3.699	NaN	6.000	C	CB	NaN	NaN
B:556:_:ILE	VDW:SC_SC	B:590:_:VAL	3.855	NaN	6.000	CG2	CG2	NaN	NaN
B:556:_:ILE	VDW:SC_SC	B:584:_:LEU	3.662	NaN	6.000	CD1	CD1	NaN	NaN
B:557:_:ALA	VDW:MC_SC	B:558:_:ARG	3.717	NaN	6.000	C	CB	NaN	NaN
B:557:_:ALA	VDW:SC_SC	B:646:_:LEU	3.603	NaN	6.000	CB	CD2	NaN	NaN
B:557:_:ALA	VDW:SC_SC	B:649:_:LEU	3.853	NaN	6.000	CB	CD1	NaN	NaN
B:558:_:ARG	VDW:MC_SC	B:559:_:GLN	3.708	NaN	6.000	C	CB	NaN	NaN
B:558:_:ARG	VDW:SC_SC	B:714:_:ILE	3.556	NaN	6.000	CB	CG2	NaN	NaN
B:558:_:ARG	VDW:SC_SC	B:715:_:GLU	3.577	NaN	6.000	CD	CD	NaN	NaN
B:559:_:GLN	VDW:MC_SC	B:560:_:THR	3.735	NaN	6.000	C	CB	NaN	NaN
B:559:_:GLN	VDW:SC_SC	B:590:_:VAL	3.616	NaN	6.000	CB	CB	NaN	NaN
B:560:_:THR	VDW:MC_SC	B:561:_:ALA	3.703	NaN	6.000	C	CB	NaN	NaN
B:560:_:THR	VDW:SC_SC	B:642:_:PHE	3.858	NaN	6.000	CB	CE1	NaN	NaN
B:560:_:THR	VDW:SC_SC	B:592:_:ILE	3.443	NaN	6.000	CG2	CD1	NaN	NaN
B:560:_:THR	VDW:SC_SC	B:582:_:ILE	3.875	NaN	6.000	CG2	CD1	NaN	NaN
B:561:_:ALA	VDW:MC_SC	B:562:_:ARG	3.721	NaN	6.000	C	CB	NaN	NaN
B:561:_:ALA	VDW:SC_SC	B:642:_:PHE	3.801	NaN	6.000	CB	CZ	NaN	NaN
B:562:_:ARG	VDW:SC_SC	B:711:_:LEU	3.685	NaN	6.000	CG	CD1	NaN	NaN
B:563:_:GLY	VDW:MC_SC	B:564:_:MET	3.718	NaN	6.000	C	CB	NaN	NaN
B:564:_:MET	VDW:MC_SC	B:565:_:ASP	3.712	NaN	6.000	C	CB	NaN	NaN
B:564:_:MET	VDW:SC_SC	B:707:_:PHE	3.326	NaN	6.000	CB	CE1	NaN	NaN
B:564:_:MET	VDW:SC_SC	B:592:_:ILE	3.698	NaN	6.000	CG	CD1	NaN	NaN
B:564:_:MET	VDW:SC_SC	B:577:_:LEU	3.885	NaN	6.000	CG	CD2	NaN	NaN
B:564:_:MET	VDW:SC_SC	B:567:_:LEU	3.737	NaN	6.000	SD	CD1	NaN	NaN
B:564:_:MET	VDW:SC_SC	B:568:_:HIS	3.881	NaN	6.000	CE	CD2	NaN	NaN
B:565:_:ASP	VDW:MC_SC	B:566:_:TYR	3.714	NaN	6.000	C	CB	NaN	NaN
B:565:_:ASP	VDW:SC_SC	B:707:_:PHE	3.862	NaN	6.000	CB	CB	NaN	NaN
B:566:_:TYR	VDW:MC_SC	B:567:_:LEU	3.715	NaN	6.000	C	CB	NaN	NaN
B:567:_:LEU	VDW:MC_SC	B:568:_:HIS	3.715	NaN	6.000	C	CB	NaN	NaN
B:568:_:HIS	VDW:MC_SC	B:569:_:ALA	3.696	NaN	6.000	C	CB	NaN	NaN
B:568:_:HIS	VDW:SC_SC	B:635:_:PHE	3.328	NaN	6.000	CG	CD2	NaN	NaN
B:569:_:ALA	VDW:MC_SC	B:570:_:LYS	3.633	NaN	6.000	C	CB	NaN	NaN
B:570:_:LYS	VDW:MC_SC	B:571:_:SER	2.986	NaN	6.000	C	CB	NaN	NaN
B:571:_:SER	VDW:MC_SC	B:572:_:ILE	3.560	NaN	6.000	C	CB	NaN	NaN
B:572:_:ILE	VDW:MC_SC	B:573:_:ILE	3.643	NaN	6.000	C	CB	NaN	NaN
B:573:_:ILE	VDW:MC_SC	B:574:_:HIS	3.700	NaN	6.000	C	CB	NaN	NaN
B:573:_:ILE	VDW:SC_SC	B:599:_:THR	3.768	NaN	6.000	CB	CG2	NaN	NaN
B:573:_:ILE	VDW:SC_SC	B:635:_:PHE	3.763	NaN	6.000	CG1	CE2	NaN	NaN
B:573:_:ILE	VDW:SC_MC	B:634:_:SER	3.899	NaN	6.000	CG2	C	NaN	NaN
B:573:_:ILE	VDW:SC_SC	B:638:_:ASP	3.587	NaN	6.000	CG2	CG	NaN	NaN
B:573:_:ILE	VDW:SC_SC	B:575:_:ARG	3.582	NaN	6.000	CG2	CG	NaN	NaN
B:574:_:HIS	VDW:MC_SC	B:575:_:ARG	2.941	NaN	6.000	C	CB	NaN	NaN
B:574:_:HIS	VDW:SC_SC	B:595:_:PHE	3.608	NaN	6.000	CD2	CD2	NaN	NaN
B:574:_:HIS	VDW:SC_MC	B:576:_:ASP	3.544	NaN	6.000	CE1	C	NaN	NaN
B:575:_:ARG	VDW:MC_SC	B:576:_:ASP	3.175	NaN	6.000	C	CB	NaN	NaN
B:575:_:ARG	VDW:SC_SC	B:633:_:TYR	3.462	NaN	6.000	CG	CD2	NaN	NaN
B:576:_:ASP	VDW:MC_SC	B:577:_:LEU	3.704	NaN	6.000	C	CB	NaN	NaN
B:576:_:ASP	VDW:SC_SC	B:597:_:LEU	3.588	NaN	6.000	CB	CD1	NaN	NaN
B:576:_:ASP	VDW:SC_SC	B:578:_:LYS	3.694	NaN	6.000	CG	CE	NaN	NaN
B:577:_:LEU	VDW:MC_SC	B:578:_:LYS	3.096	NaN	6.000	C	CB	NaN	NaN
B:578:_:LYS	VDW:MC_SC	B:579:_:SER	3.722	NaN	6.000	C	CB	NaN	NaN
B:578:_:LYS	VDW:SC_SC	B:619:_:TRP	3.332	NaN	6.000	CB	CD2	NaN	NaN
B:580:_:ASN	VDW:MC_SC	B:581:_:ASN	3.365	NaN	6.000	C	ND2	NaN	NaN
B:581:_:ASN	VDW:MC_SC	B:582:_:ILE	3.604	NaN	6.000	C	CG1	NaN	NaN
B:581:_:ASN	VDW:SC_SC	B:594:_:ASP	3.700	NaN	6.000	ND2	CB	NaN	NaN
B:582:_:ILE	VDW:MC_SC	B:583:_:PHE	3.616	NaN	6.000	C	CB	NaN	NaN
B:582:_:ILE	VDW:SC_SC	B:590:_:VAL	3.659	NaN	6.000	CG2	CG1	NaN	NaN
B:582:_:ILE	VDW:SC_SC	B:645:_:VAL	3.868	NaN	6.000	CD1	CG1	NaN	NaN
B:583:_:PHE	VDW:MC_SC	B:584:_:LEU	3.655	NaN	6.000	C	CB	NaN	NaN
B:584:_:LEU	VDW:MC_SC	B:585:_:HIS	3.723	NaN	6.000	C	CB	NaN	NaN
B:585:_:HIS	VDW:MC_SC	B:586:_:GLU	3.066	NaN	6.000	C	CB	NaN	NaN
B:586:_:GLU	VDW:MC_SC	B:587:_:ASP	3.702	NaN	6.000	C	CG	NaN	NaN
B:587:_:ASP	VDW:MC_SC	B:588:_:ASN	3.436	NaN	6.000	C	CB	NaN	NaN
B:589:_:THR	VDW:MC_SC	B:590:_:VAL	3.751	NaN	6.000	C	CB	NaN	NaN
B:590:_:VAL	VDW:MC_SC	B:591:_:LYS	3.433	NaN	6.000	C	CB	NaN	NaN
B:591:_:LYS	VDW:MC_SC	B:592:_:ILE	3.702	NaN	6.000	C	CB	NaN	NaN
B:593:_:GLY	VDW:MC_SC	B:594:_:ASP	3.227	NaN	6.000	C	CB	NaN	NaN
B:594:_:ASP	VDW:MC_SC	B:595:_:PHE	3.745	NaN	6.000	C	CB	NaN	NaN
B:595:_:PHE	VDW:SC_SC	B:598:_:ALA	3.500	NaN	6.000	CD2	CB	NaN	NaN
B:596:_:GLY	VDW:MC_SC	B:597:_:LEU	3.549	NaN	6.000	C	CB	NaN	NaN
B:597:_:LEU	VDW:MC_SC	B:598:_:ALA	3.713	NaN	6.000	C	CB	NaN	NaN
B:598:_:ALA	VDW:MC_SC	B:599:_:THR	3.320	NaN	6.000	C	CB	NaN	NaN
B:599:_:THR	VDW:MC_SC	B:600:_:GLU	3.103	NaN	6.000	C	CB	NaN	NaN
B:615:_:GLY	VDW:MC_SC	B:616:_:SER	3.708	NaN	6.000	C	CB	NaN	NaN
B:616:_:SER	VDW:MC_SC	B:620:_:MET	3.841	NaN	6.000	C	CG	NaN	NaN
B:616:_:SER	VDW:MC_SC	B:617:_:ILE	3.745	NaN	6.000	C	CB	NaN	NaN
B:617:_:ILE	VDW:MC_SC	B:620:_:MET	3.729	NaN	6.000	C	CG	NaN	NaN
B:617:_:ILE	VDW:MC_SC	B:618:_:LEU	3.712	NaN	6.000	C	CB	NaN	NaN
B:617:_:ILE	VDW:SC_SC	B:625:_:ILE	3.599	NaN	6.000	CD1	CD1	NaN	NaN
B:617:_:ILE	VDW:SC_SC	B:666:_:ILE	3.594	NaN	6.000	CD1	CG1	NaN	NaN
B:618:_:LEU	VDW:MC_SC	B:619:_:TRP	3.607	NaN	6.000	C	CB	NaN	NaN
B:618:_:LEU	VDW:SC_SC	B:656:_:TYR	3.652	NaN	6.000	CD2	CD2	NaN	NaN
B:619:_:TRP	VDW:MC_SC	B:620:_:MET	3.651	NaN	6.000	C	CB	NaN	NaN
B:619:_:TRP	VDW:SC_SC	B:644:_:ILE	3.234	NaN	6.000	CD1	CG2	NaN	NaN
B:619:_:TRP	VDW:SC_SC	B:648:_:GLU	3.669	NaN	6.000	CZ2	CD	NaN	NaN
B:619:_:TRP	VDW:SC_SC	B:654:_:LEU	3.856	NaN	6.000	CZ2	CD2	NaN	NaN
B:620:_:MET	VDW:MC_SC	B:621:_:ALA	3.681	NaN	6.000	C	CB	NaN	NaN
B:620:_:MET	VDW:MC_SC	B:640:_:TYR	3.473	NaN	6.000	C	CE2	NaN	NaN
B:620:_:MET	VDW:SC_SC	B:625:_:ILE	3.710	NaN	6.000	CB	CG1	NaN	NaN
B:620:_:MET	VDW:SC_SC	B:624:_:VAL	3.501	NaN	6.000	SD	CG1	NaN	NaN
B:621:_:ALA	VDW:MC_SC	B:622:_:PRO	2.515	NaN	6.000	C	CD	NaN	NaN
B:621:_:ALA	VDW:SC_SC	B:623:_:GLU	3.837	NaN	6.000	CB	CG	NaN	NaN
B:623:_:GLU	VDW:MC_SC	B:624:_:VAL	3.731	NaN	6.000	C	CB	NaN	NaN
B:623:_:GLU	VDW:SC_SC	B:701:_:ARG	3.589	NaN	6.000	CD	CB	NaN	NaN
B:624:_:VAL	VDW:MC_SC	B:625:_:ILE	3.710	NaN	6.000	C	CB	NaN	NaN
B:625:_:ILE	VDW:MC_SC	B:626:_:ARG	3.708	NaN	6.000	C	CB	NaN	NaN
B:625:_:ILE	VDW:SC_SC	B:666:_:ILE	3.537	NaN	6.000	CG2	CG2	NaN	NaN
B:625:_:ILE	VDW:SC_SC	B:669:_:VAL	3.854	NaN	6.000	CD1	CG1	NaN	NaN
B:626:_:ARG	VDW:SC_MC	B:670:_:GLY	3.840	NaN	6.000	CG	C	NaN	NaN
B:631:_:ASN	VDW:MC_SC	B:632:_:PRO	2.494	NaN	6.000	C	CD	NaN	NaN
B:633:_:TYR	VDW:MC_SC	B:634:_:SER	3.205	NaN	6.000	C	CB	NaN	NaN
B:634:_:SER	VDW:MC_SC	B:635:_:PHE	3.710	NaN	6.000	C	CB	NaN	NaN
B:635:_:PHE	VDW:MC_SC	B:636:_:GLN	3.714	NaN	6.000	C	CB	NaN	NaN
B:636:_:GLN	VDW:MC_SC	B:637:_:SER	3.711	NaN	6.000	C	CB	NaN	NaN
B:637:_:SER	VDW:MC_SC	B:638:_:ASP	3.722	NaN	6.000	C	CB	NaN	NaN
B:638:_:ASP	VDW:MC_SC	B:639:_:VAL	3.743	NaN	6.000	C	CB	NaN	NaN
B:639:_:VAL	VDW:MC_SC	B:640:_:TYR	3.729	NaN	6.000	C	CB	NaN	NaN
B:639:_:VAL	VDW:SC_SC	B:704:_:ARG	3.769	NaN	6.000	CG1	CB	NaN	NaN
B:640:_:TYR	VDW:MC_SC	B:641:_:ALA	3.707	NaN	6.000	C	CB	NaN	NaN
B:640:_:TYR	VDW:SC_SC	B:704:_:ARG	3.486	NaN	6.000	CB	CZ	NaN	NaN
B:640:_:TYR	VDW:SC_SC	B:644:_:ILE	3.694	NaN	6.000	CE2	CG1	NaN	NaN
B:641:_:ALA	VDW:MC_SC	B:642:_:PHE	3.714	NaN	6.000	C	CB	NaN	NaN
B:642:_:PHE	PIPISTACK:MC_SC	B:707:_:PHE	4.996	1.853	20.000	7.852,14.809,0.950	3.185,16.452,0.259	NaN	P
B:642:_:PHE	VDW:SC_SC	B:707:_:PHE	3.520	NaN	6.000	CB	CZ	NaN	NaN
B:642:_:PHE	VDW:SC_SC	B:714:_:ILE	3.643	NaN	6.000	CZ	CD1	NaN	NaN
B:643:_:GLY	VDW:MC_SC	B:644:_:ILE	3.736	NaN	6.000	C	CB	NaN	NaN
B:643:_:GLY	VDW:MC_SC	B:697:_:LEU	3.481	NaN	6.000	C	CD2	NaN	NaN
B:644:_:ILE	VDW:MC_SC	B:645:_:VAL	3.743	NaN	6.000	C	CB	NaN	NaN
B:644:_:ILE	VDW:SC_SC	B:655:_:PRO	3.537	NaN	6.000	CG2	CG	NaN	NaN
B:644:_:ILE	VDW:SC_SC	B:697:_:LEU	3.480	NaN	6.000	CD1	CD2	NaN	NaN
B:644:_:ILE	VDW:SC_SC	B:676:_:PRO	3.758	NaN	6.000	CD1	CG	NaN	NaN
B:645:_:VAL	VDW:MC_SC	B:646:_:LEU	3.723	NaN	6.000	C	CB	NaN	NaN
B:646:_:LEU	VDW:MC_SC	B:647:_:TYR	3.719	NaN	6.000	C	CB	NaN	NaN
B:646:_:LEU	VDW:SC_SC	B:693:_:MET	3.690	NaN	6.000	CB	CG	NaN	NaN
B:646:_:LEU	VDW:SC_SC	B:689:_:MET	3.800	NaN	6.000	CD2	SD	NaN	NaN
B:647:_:TYR	VDW:MC_SC	B:648:_:GLU	3.711	NaN	6.000	C	CB	NaN	NaN
B:647:_:TYR	VDW:SC_SC	B:676:_:PRO	3.705	NaN	6.000	CE1	CB	NaN	NaN
B:647:_:TYR	VDW:SC_MC	B:677:_:ASP	3.673	NaN	6.000	CE1	C	NaN	NaN
B:648:_:GLU	VDW:MC_SC	B:649:_:LEU	3.679	NaN	6.000	C	CB	NaN	NaN
B:648:_:GLU	VDW:SC_SC	B:654:_:LEU	3.891	NaN	6.000	CD	CD2	NaN	NaN
B:650:_:MET	VDW:MC_SC	B:651:_:THR	3.532	NaN	6.000	C	CB	NaN	NaN
B:650:_:MET	VDW:SC_SC	B:685:_:CYS	3.724	NaN	6.000	CG	SG	NaN	NaN
B:650:_:MET	VDW:SC_SC	B:693:_:MET	3.629	NaN	6.000	CG	CE	NaN	NaN
B:650:_:MET	VDW:SC_SC	B:689:_:MET	3.535	NaN	6.000	SD	CG	NaN	NaN
B:651:_:THR	VDW:SC_MC	B:680:_:LYS	3.453	NaN	6.000	CG2	C	NaN	NaN
B:652:_:GLY	VDW:MC_SC	B:653:_:GLN	3.570	NaN	6.000	C	CB	NaN	NaN
B:653:_:GLN	VDW:MC_SC	B:654:_:LEU	3.689	NaN	6.000	C	CB	NaN	NaN
B:653:_:GLN	VDW:SC_SC	B:680:_:LYS	3.404	NaN	6.000	NE2	CD	NaN	NaN
B:654:_:LEU	VDW:MC_SC	B:655:_:PRO	2.516	NaN	6.000	C	CD	NaN	NaN
B:656:_:TYR	VDW:SC_SC	B:674:_:LEU	3.339	NaN	6.000	CD1	CD2	NaN	NaN
B:656:_:TYR	VDW:SC_SC	B:669:_:VAL	3.756	NaN	6.000	CZ	CG2	NaN	NaN
B:657:_:SER	VDW:MC_SC	B:658:_:ASN	3.696	NaN	6.000	C	CB	NaN	NaN
B:658:_:ASN	VDW:MC_SC	B:659:_:ILE	3.503	NaN	6.000	C	CB	NaN	NaN
B:659:_:ILE	VDW:MC_SC	B:660:_:ASN	3.006	NaN	6.000	C	OD1	NaN	NaN
B:659:_:ILE	VDW:SC_SC	B:664:_:GLN	3.751	NaN	6.000	CG2	CD	NaN	NaN
B:659:_:ILE	VDW:SC_SC	B:674:_:LEU	3.405	NaN	6.000	CD1	CD2	NaN	NaN
B:660:_:ASN	VDW:MC_SC	B:661:_:ASN	3.508	NaN	6.000	C	CB	NaN	NaN
B:661:_:ASN	VDW:MC_SC	B:662:_:ARG	3.714	NaN	6.000	C	CB	NaN	NaN
B:661:_:ASN	VDW:SC_SC	B:663:_:ASP	3.215	NaN	6.000	ND2	CB	NaN	NaN
B:662:_:ARG	VDW:MC_SC	B:663:_:ASP	3.712	NaN	6.000	C	CB	NaN	NaN
B:664:_:GLN	VDW:MC_SC	B:665:_:ILE	3.716	NaN	6.000	C	CB	NaN	NaN
B:664:_:GLN	VDW:MC_SC	B:668:_:MET	3.540	NaN	6.000	C	CG	NaN	NaN
B:665:_:ILE	VDW:MC_SC	B:666:_:ILE	3.738	NaN	6.000	C	CB	NaN	NaN
B:665:_:ILE	VDW:SC_SC	B:669:_:VAL	3.542	NaN	6.000	CG2	CG2	NaN	NaN
B:666:_:ILE	VDW:MC_SC	B:667:_:GLU	3.712	NaN	6.000	C	CB	NaN	NaN
B:667:_:GLU	VDW:MC_SC	B:671:_:ARG	3.886	NaN	6.000	C	CB	NaN	NaN
B:667:_:GLU	VDW:MC_SC	B:668:_:MET	3.700	NaN	6.000	C	CB	NaN	NaN
B:668:_:MET	VDW:MC_SC	B:669:_:VAL	3.740	NaN	6.000	C	CB	NaN	NaN
B:668:_:MET	VDW:SC_SC	B:674:_:LEU	3.587	NaN	6.000	CB	CB	NaN	NaN
B:668:_:MET	VDW:SC_SC	B:673:_:SER	3.889	NaN	6.000	CE	CB	NaN	NaN
B:670:_:GLY	VDW:MC_SC	B:671:_:ARG	3.709	NaN	6.000	C	CB	NaN	NaN
B:671:_:ARG	VDW:SC_SC	B:673:_:SER	3.443	NaN	6.000	CZ	CB	NaN	NaN
B:672:_:GLY	VDW:MC_SC	B:673:_:SER	3.670	NaN	6.000	C	CB	NaN	NaN
B:673:_:SER	VDW:MC_SC	B:674:_:LEU	3.426	NaN	6.000	C	CB	NaN	NaN
B:674:_:LEU	VDW:MC_SC	B:675:_:SER	3.273	NaN	6.000	C	CB	NaN	NaN
B:676:_:PRO	VDW:MC_SC	B:677:_:ASP	3.699	NaN	6.000	C	CB	NaN	NaN
B:677:_:ASP	VDW:SC_SC	B:680:_:LYS	3.652	NaN	6.000	CB	CE	NaN	NaN
B:678:_:LEU	VDW:MC_SC	B:679:_:SER	3.703	NaN	6.000	C	CB	NaN	NaN
B:678:_:LEU	VDW:SC_SC	B:694:_:ALA	3.884	NaN	6.000	CD1	CB	NaN	NaN
B:678:_:LEU	VDW:SC_SC	B:693:_:MET	3.876	NaN	6.000	CD2	SD	NaN	NaN
B:679:_:SER	VDW:MC_SC	B:680:_:LYS	3.637	NaN	6.000	C	CB	NaN	NaN
B:680:_:LYS	VDW:MC_SC	B:681:_:VAL	3.741	NaN	6.000	C	CB	NaN	NaN
B:681:_:VAL	VDW:MC_SC	B:682:_:ARG	3.711	NaN	6.000	C	CB	NaN	NaN
B:681:_:VAL	VDW:SC_SC	B:693:_:MET	3.813	NaN	6.000	CG1	CE	NaN	NaN
B:681:_:VAL	VDW:SC_SC	B:690:_:LYS	3.480	NaN	6.000	CG2	CD	NaN	NaN
B:682:_:ARG	VDW:MC_SC	B:683:_:SER	3.712	NaN	6.000	C	CB	NaN	NaN
B:683:_:SER	VDW:MC_SC	B:684:_:ASN	3.595	NaN	6.000	C	ND2	NaN	NaN
B:684:_:ASN	VDW:MC_SC	B:685:_:CYS	3.724	NaN	6.000	C	CB	NaN	NaN
B:688:_:ARG	VDW:MC_SC	B:689:_:MET	3.699	NaN	6.000	C	CB	NaN	NaN
B:688:_:ARG	VDW:MC_SC	B:691:_:ARG	3.658	NaN	6.000	C	CB	NaN	NaN
B:688:_:ARG	VDW:SC_SC	B:717:_:LEU	3.611	NaN	6.000	CZ	CB	NaN	NaN
B:688:_:ARG	VDW:SC_SC	B:720:_:GLU	3.251	NaN	6.000	CZ	CD	NaN	NaN
B:689:_:MET	VDW:MC_SC	B:690:_:LYS	3.709	NaN	6.000	C	CB	NaN	NaN
B:689:_:MET	VDW:SC_SC	B:717:_:LEU	3.841	NaN	6.000	CE	CD2	NaN	NaN
B:690:_:LYS	VDW:MC_SC	B:691:_:ARG	3.706	NaN	6.000	C	CB	NaN	NaN
B:691:_:ARG	VDW:MC_SC	B:692:_:LEU	3.707	NaN	6.000	C	CB	NaN	NaN
B:692:_:LEU	VDW:MC_SC	B:693:_:MET	3.693	NaN	6.000	C	CB	NaN	NaN
B:692:_:LEU	VDW:SC_SC	B:714:_:ILE	3.315	NaN	6.000	CD2	CG1	NaN	NaN
B:693:_:MET	VDW:MC_SC	B:694:_:ALA	3.709	NaN	6.000	C	CB	NaN	NaN
B:694:_:ALA	VDW:MC_SC	B:695:_:GLU	3.714	NaN	6.000	C	CB	NaN	NaN
B:695:_:GLU	VDW:MC_SC	B:696:_:CYS	3.698	NaN	6.000	C	CB	NaN	NaN
B:695:_:GLU	VDW:MC_SC	B:705:_:PRO	3.450	NaN	6.000	C	CD	NaN	NaN
B:696:_:CYS	VDW:MC_SC	B:697:_:LEU	3.607	NaN	6.000	C	CB	NaN	NaN
B:696:_:CYS	VDW:SC_SC	B:710:_:ILE	3.712	NaN	6.000	SG	CD1	NaN	NaN
B:697:_:LEU	VDW:MC_SC	B:698:_:LYS	3.701	NaN	6.000	C	CB	NaN	NaN
B:698:_:LYS	VDW:MC_SC	B:699:_:LYS	3.716	NaN	6.000	C	CB	NaN	NaN
B:698:_:LYS	VDW:SC_SC	B:704:_:ARG	3.890	NaN	6.000	CB	CG	NaN	NaN
B:698:_:LYS	VDW:SC_SC	B:703:_:GLU	3.473	NaN	6.000	CG	CB	NaN	NaN
B:699:_:LYS	VDW:MC_SC	B:700:_:LYS	3.695	NaN	6.000	C	CB	NaN	NaN
B:700:_:LYS	VDW:MC_SC	B:701:_:ARG	3.729	NaN	6.000	C	CB	NaN	NaN
B:701:_:ARG	VDW:MC_SC	B:702:_:ASP	3.642	NaN	6.000	C	CB	NaN	NaN
B:702:_:ASP	VDW:MC_SC	B:703:_:GLU	3.615	NaN	6.000	C	CB	NaN	NaN
B:703:_:GLU	VDW:MC_SC	B:704:_:ARG	3.679	NaN	6.000	C	CB	NaN	NaN
B:705:_:PRO	VDW:MC_SC	B:706:_:SER	3.528	NaN	6.000	C	CB	NaN	NaN
B:706:_:SER	VDW:MC_SC	B:708:_:PRO	3.219	NaN	6.000	C	CD	NaN	NaN
B:706:_:SER	VDW:MC_SC	B:707:_:PHE	3.717	NaN	6.000	C	CB	NaN	NaN
B:706:_:SER	VDW:MC_SC	B:710:_:ILE	3.799	NaN	6.000	C	CG1	NaN	NaN
B:708:_:PRO	VDW:MC_SC	B:709:_:ARG	3.707	NaN	6.000	C	CB	NaN	NaN
B:710:_:ILE	VDW:MC_SC	B:711:_:LEU	3.719	NaN	6.000	C	CB	NaN	NaN
B:711:_:LEU	VDW:MC_SC	B:712:_:ALA	3.696	NaN	6.000	C	CB	NaN	NaN
B:712:_:ALA	VDW:MC_SC	B:713:_:GLU	3.721	NaN	6.000	C	CB	NaN	NaN
B:713:_:GLU	VDW:MC_SC	B:714:_:ILE	3.747	NaN	6.000	C	CB	NaN	NaN
B:714:_:ILE	VDW:MC_SC	B:715:_:GLU	3.720	NaN	6.000	C	CB	NaN	NaN
B:715:_:GLU	VDW:MC_SC	B:716:_:GLU	3.716	NaN	6.000	C	CB	NaN	NaN
B:716:_:GLU	VDW:MC_SC	B:717:_:LEU	3.723	NaN	6.000	C	CB	NaN	NaN
B:717:_:LEU	VDW:MC_SC	B:718:_:ALA	3.704	NaN	6.000	C	CB	NaN	NaN
B:718:_:ALA	VDW:MC_SC	B:719:_:ARG	3.704	NaN	6.000	C	CB	NaN	NaN
B:719:_:ARG	VDW:MC_SC	B:720:_:GLU	3.725	NaN	6.000	C	CB	NaN	NaN
A:450:_:TRP	VDW:MC_SC	A:519:_:TYR	3.607	NaN	6.000	C	CE2	NaN	NaN
A:450:_:TRP	VDW:SC_SC	A:509:_:ARG	3.737	NaN	6.000	CZ3	CD	NaN	NaN
A:453:_:PRO	VDW:MC_SC	A:454:_:ASP	3.722	NaN	6.000	C	CB	NaN	NaN
A:454:_:ASP	VDW:SC_SC	A:523:_:PRO	3.867	NaN	6.000	CG	CD	NaN	NaN
A:462:_:ARG	VDW:SC_SC	A:472:_:TYR	3.809	NaN	6.000	CG	CZ	NaN	NaN
A:470:_:THR	VDW:SC_SC	A:472:_:TYR	3.635	NaN	6.000	CG2	CZ	NaN	NaN
A:471:_:VAL	VDW:MC_SC	A:472:_:TYR	3.516	NaN	6.000	C	CB	NaN	NaN
A:478:_:GLY	VDW:MC_SC	A:479:_:ASP	3.701	NaN	6.000	C	CB	NaN	NaN
A:479:_:ASP	VDW:MC_SC	A:480:_:VAL	3.394	NaN	6.000	C	CB	NaN	NaN
A:483:_:LYS	IONIC:SC_SC	A:594:_:ASP	3.299	NaN	20.000	NZ	-3.341,-6.502,-24.280	A:483:_:LYS	NaN
A:509:_:ARG	VDW:SC_SC	A:450:_:TRP	3.845	NaN	6.000	CD	CE3	NaN	NaN
A:509:_:ARG	VDW:SC_SC	A:516:_:PHE	3.571	NaN	6.000	CZ	CD2	NaN	NaN
A:512:_:ASN	VDW:MC_SC	A:513:_:ILE	3.610	NaN	6.000	C	CB	NaN	NaN
A:513:_:ILE	VDW:SC_MC	A:563:_:GLY	3.815	NaN	6.000	CD1	C	NaN	NaN
A:515:_:LEU	VDW:SC_MC	A:509:_:ARG	3.850	NaN	6.000	CD2	C	NaN	NaN
A:522:_:ALA	VDW:MC_SC	A:523:_:PRO	2.444	NaN	6.000	C	CD	NaN	NaN
A:538:_:TYR	VDW:SC_SC	A:580:_:ASN	3.520	NaN	6.000	CG	OD1	NaN	NaN
A:540:_:HIS	VDW:SC_SC	A:548:_:PHE	3.553	NaN	6.000	CG	CZ	NaN	NaN
A:560:_:THR	VDW:SC_SC	A:642:_:PHE	3.547	NaN	6.000	CG2	CE1	NaN	NaN
A:565:_:ASP	VDW:MC_SC	A:566:_:TYR	3.722	NaN	6.000	C	CB	NaN	NaN
A:568:_:HIS	VDW:SC_SC	A:635:_:PHE	3.073	NaN	6.000	CG	CD2	NaN	NaN
A:578:_:LYS	VDW:SC_SC	A:580:_:ASN	3.058	NaN	6.000	CD	ND2	NaN	NaN
A:587:_:ASP	VDW:MC_SC	A:588:_:ASN	3.662	NaN	6.000	C	CG	NaN	NaN
A:591:_:LYS	VDW:MC_SC	A:592:_:ILE	3.677	NaN	6.000	C	CB	NaN	NaN
A:621:_:ALA	VDW:MC_SC	A:622:_:PRO	2.506	NaN	6.000	C	CD	NaN	NaN
A:631:_:ASN	VDW:MC_SC	A:632:_:PRO	2.511	NaN	6.000	C	CD	NaN	NaN
A:637:_:SER	VDW:MC_SC	A:638:_:ASP	3.721	NaN	6.000	C	CB	NaN	NaN
A:642:_:PHE	VDW:SC_SC	A:646:_:LEU	3.515	NaN	6.000	CZ	CD2	NaN	NaN
A:647:_:TYR	VDW:SC_MC	A:654:_:LEU	3.612	NaN	6.000	CE2	C	NaN	NaN
A:651:_:THR	VDW:SC_SC	A:680:_:LYS	3.876	NaN	6.000	CG2	CB	NaN	NaN
A:654:_:LEU	VDW:SC_SC	A:655:_:PRO	3.435	NaN	6.000	CB	CD	NaN	NaN
A:656:_:TYR	VDW:MC_SC	A:657:_:SER	3.716	NaN	6.000	C	CB	NaN	NaN
A:661:_:ASN	VDW:SC_SC	A:663:_:ASP	3.613	NaN	6.000	OD1	CB	NaN	NaN
A:662:_:ARG	VDW:MC_SC	A:663:_:ASP	3.723	NaN	6.000	C	CB	NaN	NaN
A:669:_:VAL	VDW:SC_SC	A:674:_:LEU	3.871	NaN	6.000	CG2	CB	NaN	NaN
A:685:_:CYS	VDW:MC_SC	A:686:_:PRO	2.541	NaN	6.000	C	CD	NaN	NaN
B:453:_:PRO	VDW:SC_SC	B:456:_:GLN	3.180	NaN	6.000	CG	NE2	NaN	NaN
B:456:_:GLN	VDW:MC_SC	B:457:_:ILE	3.559	NaN	6.000	C	CG1	NaN	NaN
B:468:_:PHE	VDW:SC_SC	B:483:_:LYS	3.741	NaN	6.000	CG	CD	NaN	NaN
B:468:_:PHE	VDW:SC_MC	B:497:_:ALA	3.124	NaN	6.000	CZ	C	NaN	NaN
B:471:_:VAL	VDW:SC_SC	B:483:_:LYS	3.855	NaN	6.000	CG1	CB	NaN	NaN
B:473:_:LYS	VDW:SC_SC	B:531:_:TRP	3.645	NaN	6.000	CD	CZ2	NaN	NaN
B:475:_:LYS	IONIC:SC_SC	B:479:_:ASP	2.779	NaN	20.000	NZ	-1.188,-14.499,1.947	B:475:_:LYS	NaN
B:476:_:TRP	VDW:MC_SC	B:477:_:HIS	3.027	NaN	6.000	C	CB	NaN	NaN
B:479:_:ASP	VDW:MC_SC	B:531:_:TRP	3.774	NaN	6.000	C	CB	NaN	NaN
B:488:_:THR	VDW:MC_SC	B:489:_:ALA	3.385	NaN	6.000	C	CB	NaN	NaN
B:489:_:ALA	VDW:MC_SC	B:490:_:PRO	3.649	NaN	6.000	C	CB	NaN	NaN
B:491:_:THR	VDW:SC_SC	B:494:_:GLN	3.485	NaN	6.000	CG2	NE2	NaN	NaN
B:492:_:PRO	VDW:MC_SC	B:493:_:GLN	3.710	NaN	6.000	C	CB	NaN	NaN
B:513:_:ILE	VDW:SC_SC	B:567:_:LEU	3.727	NaN	6.000	CD1	CG	NaN	NaN
B:516:_:PHE	VDW:MC_SC	B:517:_:MET	3.483	NaN	6.000	C	CB	NaN	NaN
B:522:_:ALA	VDW:MC_SC	B:523:_:PRO	2.500	NaN	6.000	C	CD	NaN	NaN
B:541:_:LEU	VDW:SC_SC	B:649:_:LEU	3.625	NaN	6.000	CD2	CD2	NaN	NaN
B:542:_:HIS	VDW:SC_SC	B:654:_:LEU	3.696	NaN	6.000	CE1	CG	NaN	NaN
B:548:_:PHE	VDW:SC_SC	B:584:_:LEU	3.774	NaN	6.000	CZ	CD1	NaN	NaN
B:568:_:HIS	VDW:SC_SC	B:707:_:PHE	3.499	NaN	6.000	CE1	CE2	NaN	NaN
B:578:_:LYS	VDW:SC_SC	B:580:_:ASN	3.535	NaN	6.000	CD	CB	NaN	NaN
B:618:_:LEU	VDW:SC_SC	B:665:_:ILE	3.884	NaN	6.000	CD2	CD1	NaN	NaN
B:622:_:PRO	VDW:MC_SC	B:623:_:GLU	3.705	NaN	6.000	C	CB	NaN	NaN
B:632:_:PRO	VDW:SC_SC	B:633:_:TYR	3.835	NaN	6.000	CG	CE1	NaN	NaN
B:642:_:PHE	VDW:SC_SC	B:646:_:LEU	3.675	NaN	6.000	CE2	CD1	NaN	NaN
B:649:_:LEU	VDW:SC_SC	B:650:_:MET	3.579	NaN	6.000	CB	CE	NaN	NaN
B:655:_:PRO	VDW:MC_SC	B:656:_:TYR	3.022	NaN	6.000	C	CB	NaN	NaN
B:661:_:ASN	VDW:SC_SC	B:664:_:GLN	3.166	NaN	6.000	CB	NE2	NaN	NaN
B:663:_:ASP	VDW:MC_SC	B:664:_:GLN	3.722	NaN	6.000	C	CB	NaN	NaN
B:675:_:SER	VDW:MC_SC	B:676:_:PRO	2.520	NaN	6.000	C	CD	NaN	NaN
B:677:_:ASP	VDW:MC_SC	B:678:_:LEU	3.698	NaN	6.000	C	CB	NaN	NaN
B:682:_:ARG	VDW:SC_SC	B:684:_:ASN	3.066	NaN	6.000	CD	OD1	NaN	NaN
B:685:_:CYS	VDW:MC_SC	B:686:_:PRO	2.496	NaN	6.000	C	CD	NaN	NaN
B:687:_:LYS	VDW:MC_SC	B:688:_:ARG	3.700	NaN	6.000	C	CB	NaN	NaN
B:696:_:CYS	VDW:MC_SC	B:704:_:ARG	3.651	NaN	6.000	C	CD	NaN	NaN
B:704:_:ARG	VDW:MC_SC	B:705:_:PRO	2.496	NaN	6.000	C	CD	NaN	NaN
B:705:_:PRO	VDW:SC_SC	B:710:_:ILE	3.868	NaN	6.000	CB	CG1	NaN	NaN
B:707:_:PHE	VDW:MC_SC	B:708:_:PRO	2.549	NaN	6.000	C	CD	NaN	NaN
B:709:_:ARG	VDW:MC_SC	B:710:_:ILE	3.740	NaN	6.000	C	CB	NaN	NaN
