NodeId	Chain	Position	Residue	Dssp	Degree	Bfactor_CA	x	y	z	pdbFileName	Model
A:1:_:032	A	1	032	"	"	0	NaN	NaN	NaN	NaN	input_file.cif#1.A	1
A:449:_:ASP	A	449	ASP	 	2	83.300	-14.538	9.164	-13.021	input_file.cif#449.A	1
A:450:_:TRP	A	450	TRP	 	8	51.350	-10.992	8.142	-13.891	input_file.cif#450.A	1
A:451:_:GLU	A	451	GLU	B	3	44.360	-10.452	10.250	-17.000	input_file.cif#451.A	1
A:452:_:ILE	A	452	ILE	 	6	23.880	-7.156	12.130	-16.979	input_file.cif#452.A	1
A:453:_:PRO	A	453	PRO	 	3	36.640	-7.568	15.633	-18.501	input_file.cif#453.A	1
A:454:_:ASP	A	454	ASP	T	1	51.350	-5.603	16.529	-21.648	input_file.cif#454.A	1
A:455:_:GLY	A	455	GLY	T	0	42.940	-2.027	17.657	-21.026	input_file.cif#455.A	1
A:456:_:GLN	A	456	GLN	S	6	35.140	-1.517	16.112	-17.588	input_file.cif#456.A	1
A:457:_:ILE	A	457	ILE	 	6	33.890	0.531	13.174	-18.881	input_file.cif#457.A	1
A:458:_:THR	A	458	THR	E	3	35.470	4.009	13.669	-20.319	input_file.cif#458.A	1
A:459:_:VAL	A	459	VAL	E	3	35.090	4.559	10.857	-22.821	input_file.cif#459.A	1
A:460:_:GLY	A	460	GLY	E	2	43.470	8.162	9.723	-23.208	input_file.cif#460.A	1
A:461:_:GLN	A	461	GLN	E	3	56.720	10.065	6.706	-24.507	input_file.cif#461.A	1
A:462:_:ARG	A	462	ARG	E	3	49.610	8.182	4.432	-26.896	input_file.cif#462.A	1
A:463:_:ILE	A	463	ILE	E	2	47.520	8.418	0.959	-25.384	input_file.cif#463.A	1
A:464:_:GLY	A	464	GLY	E	2	45.130	6.741	-1.393	-27.842	input_file.cif#464.A	1
A:465:_:SER	A	465	SER	E	1	92.810	3.726	-2.098	-30.017	input_file.cif#465.A	1
A:466:_:GLY	A	466	GLY	 	2	97.970	0.892	-4.581	-30.398	input_file.cif#466.A	1
A:467:_:SER	A	467	SER	S	2	167.270	-2.311	-5.030	-32.378	input_file.cif#467.A	1
A:468:_:PHE	A	468	PHE	S	5	82.140	-4.162	-3.015	-29.733	input_file.cif#468.A	1
A:469:_:GLY	A	469	GLY	E	2	61.240	-1.895	0.041	-29.579	input_file.cif#469.A	1
A:470:_:THR	A	470	THR	E	4	43.910	1.522	1.466	-28.707	input_file.cif#470.A	1
A:471:_:VAL	A	471	VAL	E	4	36.990	3.006	1.509	-25.202	input_file.cif#471.A	1
A:472:_:TYR	A	472	TYR	E	7	37.850	4.997	4.494	-23.933	input_file.cif#472.A	1
A:473:_:LYS	A	473	LYS	E	4	44.030	6.494	5.398	-20.567	input_file.cif#473.A	1
A:474:_:GLY	A	474	GLY	E	3	38.500	4.974	8.504	-19.000	input_file.cif#474.A	1
A:475:_:LYS	A	475	LYS	E	5	38.950	4.944	11.041	-16.185	input_file.cif#475.A	1
A:476:_:TRP	A	476	TRP	S	10	47.110	1.849	11.446	-14.008	input_file.cif#476.A	1
A:477:_:HIS	A	477	HIS	S	1	42.880	2.384	11.937	-10.277	input_file.cif#477.A	1
A:478:_:GLY	A	478	GLY	S	3	39.710	5.419	9.760	-10.889	input_file.cif#478.A	1
A:479:_:ASP	A	479	ASP	E	3	53.690	6.000	7.071	-13.506	input_file.cif#479.A	1
A:480:_:VAL	A	480	VAL	E	5	28.340	3.081	5.712	-15.536	input_file.cif#480.A	1
A:481:_:ALA	A	481	ALA	E	4	31.890	2.539	3.509	-18.574	input_file.cif#481.A	1
A:482:_:VAL	A	482	VAL	E	6	34.130	0.461	4.865	-21.457	input_file.cif#482.A	1
A:483:_:LYS	A	483	LYS	E	6	31.160	-1.088	2.613	-24.103	input_file.cif#483.A	1
A:484:_:MET	A	484	MET	E	6	43.970	-2.027	4.770	-27.087	input_file.cif#484.A	1
A:485:_:LEU	A	485	LEU	E	5	50.670	-4.900	2.963	-28.792	input_file.cif#485.A	1
A:486:_:ASN	A	486	ASN	S	3	81.690	-4.555	2.575	-32.555	input_file.cif#486.A	1
A:487:_:VAL	A	487	VAL	 	4	58.570	-7.285	5.160	-33.166	input_file.cif#487.A	1
A:488:_:THR	A	488	THR	S	3	114.800	-6.555	8.505	-34.850	input_file.cif#488.A	1
A:489:_:ALA	A	489	ALA	S	4	89.990	-9.990	10.035	-34.300	input_file.cif#489.A	1
A:490:_:PRO	A	490	PRO	 	2	80.010	-12.731	8.424	-32.150	input_file.cif#490.A	1
A:491:_:THR	A	491	THR	 	4	96.800	-16.397	8.338	-33.177	input_file.cif#491.A	1
A:492:_:PRO	A	492	PRO	H	2	85.230	-19.104	8.753	-30.520	input_file.cif#492.A	1
A:493:_:GLN	A	493	GLN	H	2	73.950	-19.777	5.040	-31.081	input_file.cif#493.A	1
A:494:_:GLN	A	494	GLN	H	5	78.710	-16.081	4.241	-30.594	input_file.cif#494.A	1
A:495:_:LEU	A	495	LEU	H	5	67.390	-16.180	6.407	-27.465	input_file.cif#495.A	1
A:496:_:GLN	A	496	GLN	H	6	57.690	-18.762	4.186	-25.771	input_file.cif#496.A	1
A:497:_:ALA	A	497	ALA	H	4	82.420	-16.910	1.094	-26.962	input_file.cif#497.A	1
A:498:_:PHE	A	498	PHE	H	10	55.100	-13.889	2.510	-25.129	input_file.cif#498.A	1
A:499:_:LYS	A	499	LYS	H	6	58.950	-15.724	3.305	-21.894	input_file.cif#499.A	1
A:500:_:ASN	A	500	ASN	H	5	83.440	-17.090	-0.248	-21.808	input_file.cif#500.A	1
A:501:_:GLU	A	501	GLU	H	5	95.270	-13.563	-1.676	-21.868	input_file.cif#501.A	1
A:502:_:VAL	A	502	VAL	H	8	69.640	-12.426	0.787	-19.193	input_file.cif#502.A	1
A:503:_:GLY	A	503	GLY	H	3	73.780	-15.452	-0.057	-17.061	input_file.cif#503.A	1
A:504:_:VAL	A	504	VAL	H	5	62.720	-14.113	-3.613	-17.038	input_file.cif#504.A	1
A:505:_:LEU	A	505	LEU	H	6	38.000	-10.589	-2.592	-16.030	input_file.cif#505.A	1
A:506:_:ARG	A	506	ARG	T	5	50.160	-12.305	-0.401	-13.453	input_file.cif#506.A	1
A:507:_:LYS	A	507	LYS	T	3	60.870	-13.107	-3.417	-11.282	input_file.cif#507.A	1
A:508:_:THR	A	508	THR	 	5	60.100	-9.559	-4.732	-10.924	input_file.cif#508.A	1
A:509:_:ARG	A	509	ARG	 	7	34.970	-7.993	-4.110	-7.506	input_file.cif#509.A	1
A:510:_:HIS	A	510	HIS	 	8	41.830	-5.337	-6.758	-6.884	input_file.cif#510.A	1
A:511:_:VAL	A	511	VAL	T	2	41.520	-1.574	-6.832	-6.270	input_file.cif#511.A	1
A:512:_:ASN	A	512	ASN	T	7	51.270	-0.985	-9.389	-9.036	input_file.cif#512.A	1
A:513:_:ILE	A	513	ILE	B	6	35.790	-3.153	-7.584	-11.579	input_file.cif#513.A	1
A:514:_:LEU	A	514	LEU	 	6	46.860	-1.473	-4.648	-13.329	input_file.cif#514.A	1
A:515:_:LEU	A	515	LEU	 	6	30.600	-2.718	-1.443	-11.690	input_file.cif#515.A	1
A:516:_:PHE	A	516	PHE	E	5	28.070	-5.177	0.453	-13.884	input_file.cif#516.A	1
A:517:_:MET	A	517	MET	E	4	21.170	-4.708	4.133	-13.042	input_file.cif#517.A	1
A:518:_:GLY	A	518	GLY	E	4	33.550	-6.711	6.133	-15.581	input_file.cif#518.A	1
A:519:_:TYR	A	519	TYR	E	7	32.480	-7.767	6.675	-19.179	input_file.cif#519.A	1
A:520:_:SER	A	520	SER	E	3	53.820	-7.408	9.407	-21.779	input_file.cif#520.A	1
A:521:_:THR	A	521	THR	 	2	76.310	-9.800	10.696	-24.412	input_file.cif#521.A	1
A:522:_:ALA	A	522	ALA	S	2	59.610	-7.611	13.571	-25.564	input_file.cif#522.A	1
A:523:_:PRO	A	523	PRO	S	2	83.870	-5.321	13.918	-27.377	input_file.cif#523.A	1
A:524:_:GLN	A	524	GLN	S	1	60.540	-6.025	10.305	-28.361	input_file.cif#524.A	1
A:525:_:LEU	A	525	LEU	 	4	47.600	-7.558	7.310	-26.605	input_file.cif#525.A	1
A:526:_:ALA	A	526	ALA	E	4	36.680	-5.210	5.771	-24.050	input_file.cif#526.A	1
A:527:_:ILE	A	527	ILE	E	5	38.770	-5.101	3.453	-21.058	input_file.cif#527.A	1
A:528:_:VAL	A	528	VAL	E	7	41.340	-2.974	4.652	-18.139	input_file.cif#528.A	1
A:529:_:THR	A	529	THR	E	4	34.910	-1.504	2.127	-15.698	input_file.cif#529.A	1
A:530:_:GLN	A	530	GLN	E	6	34.770	1.396	1.713	-13.292	input_file.cif#530.A	1
A:531:_:TRP	A	531	TRP	 	5	20.670	4.976	1.447	-14.526	input_file.cif#531.A	1
A:532:_:CYS	A	532	CYS	 	4	53.710	6.542	-2.005	-14.145	input_file.cif#532.A	1
A:533:_:GLU	A	533	GLU	 	3	49.520	10.317	-2.025	-13.710	input_file.cif#533.A	1
A:534:_:GLY	A	534	GLY	E	1	75.720	12.311	-4.968	-15.040	input_file.cif#534.A	1
A:535:_:SER	A	535	SER	E	5	86.170	10.781	-6.991	-17.859	input_file.cif#535.A	1
A:536:_:SER	A	536	SER	E	4	71.990	8.092	-9.480	-18.884	input_file.cif#536.A	1
A:537:_:LEU	A	537	LEU	H	8	58.300	8.063	-13.110	-17.752	input_file.cif#537.A	1
A:538:_:TYR	A	538	TYR	H	8	73.200	8.774	-13.909	-21.400	input_file.cif#538.A	1
A:539:_:HIS	A	539	HIS	I	8	57.310	12.022	-11.929	-21.435	input_file.cif#539.A	1
A:540:_:HIS	A	540	HIS	I	4	61.330	13.230	-13.738	-18.317	input_file.cif#540.A	1
A:541:_:LEU	A	541	LEU	I	7	63.140	12.241	-17.247	-19.405	input_file.cif#541.A	1
A:542:_:HIS	A	542	HIS	I	6	62.980	13.378	-16.950	-23.038	input_file.cif#542.A	1
A:543:_:ALA	A	543	ALA	I	4	76.720	15.216	-13.659	-23.707	input_file.cif#543.A	1
A:544:_:SER	A	544	SER	S	3	88.900	17.797	-13.398	-20.912	input_file.cif#544.A	1
A:548:_:PHE	A	548	PHE	 	5	81.020	15.268	-18.477	-11.374	input_file.cif#548.A	1
A:549:_:GLU	A	549	GLU	 	4	90.730	15.386	-20.935	-8.486	input_file.cif#549.A	1
A:550:_:MET	A	550	MET	H	8	78.540	12.647	-23.580	-8.445	input_file.cif#550.A	1
A:551:_:LYS	A	551	LYS	H	4	96.140	11.250	-21.800	-5.387	input_file.cif#551.A	1
A:552:_:LYS	A	552	LYS	H	5	78.790	10.962	-18.538	-7.320	input_file.cif#552.A	1
A:553:_:LEU	A	553	LEU	H	8	71.540	9.398	-20.252	-10.337	input_file.cif#553.A	1
A:554:_:ILE	A	554	ILE	H	7	71.120	6.671	-21.582	-8.049	input_file.cif#554.A	1
A:555:_:ASP	A	555	ASP	H	8	67.640	6.181	-18.109	-6.589	input_file.cif#555.A	1
A:556:_:ILE	A	556	ILE	H	8	39.160	5.755	-16.618	-10.058	input_file.cif#556.A	1
A:557:_:ALA	A	557	ALA	H	6	50.150	3.388	-19.469	-10.889	input_file.cif#557.A	1
A:558:_:ARG	A	558	ARG	H	8	66.380	1.666	-18.892	-7.549	input_file.cif#558.A	1
A:559:_:GLN	A	559	GLN	H	11	37.030	1.055	-15.166	-7.980	input_file.cif#559.A	1
A:560:_:THR	A	560	THR	H	7	56.370	-0.306	-15.694	-11.495	input_file.cif#560.A	1
A:561:_:ALA	A	561	ALA	H	6	40.670	-2.953	-18.048	-10.106	input_file.cif#561.A	1
A:562:_:ARG	A	562	ARG	H	7	57.590	-3.838	-15.446	-7.483	input_file.cif#562.A	1
A:563:_:GLY	A	563	GLY	H	5	34.300	-4.332	-12.902	-10.255	input_file.cif#563.A	1
A:564:_:MET	A	564	MET	H	7	40.590	-6.205	-15.328	-12.503	input_file.cif#564.A	1
A:565:_:ASP	A	565	ASP	H	4	51.930	-8.473	-16.552	-9.711	input_file.cif#565.A	1
A:566:_:TYR	A	566	TYR	H	9	37.590	-9.254	-12.945	-8.788	input_file.cif#566.A	1
A:567:_:LEU	A	567	LEU	H	7	48.740	-10.124	-12.109	-12.392	input_file.cif#567.A	1
A:568:_:HIS	A	568	HIS	H	7	52.410	-12.501	-15.063	-12.720	input_file.cif#568.A	1
A:569:_:ALA	A	569	ALA	H	5	50.330	-14.039	-14.299	-9.329	input_file.cif#569.A	1
A:570:_:LYS	A	570	LYS	T	6	58.910	-14.761	-10.972	-11.005	input_file.cif#570.A	1
A:571:_:SER	A	571	SER	T	4	73.170	-16.028	-13.071	-13.926	input_file.cif#571.A	1
A:572:_:ILE	A	572	ILE	 	3	45.230	-13.309	-11.641	-16.174	input_file.cif#572.A	1
A:573:_:ILE	A	573	ILE	 	4	54.520	-11.855	-13.818	-18.927	input_file.cif#573.A	1
A:574:_:HIS	A	574	HIS	 	8	42.740	-8.323	-12.667	-19.735	input_file.cif#574.A	1
A:575:_:ARG	A	575	ARG	S	4	44.490	-8.629	-14.296	-23.176	input_file.cif#575.A	1
A:576:_:ASP	A	576	ASP	 	5	48.340	-4.894	-13.988	-23.875	input_file.cif#576.A	1
A:577:_:LEU	A	577	LEU	 	2	33.060	-2.804	-15.063	-20.894	input_file.cif#577.A	1
A:578:_:LYS	A	578	LYS	 	8	41.770	0.821	-15.598	-21.899	input_file.cif#578.A	1
A:579:_:SER	A	579	SER	G	6	44.370	4.289	-15.010	-20.436	input_file.cif#579.A	1
A:580:_:ASN	A	580	ASN	G	4	41.160	4.670	-11.654	-22.207	input_file.cif#580.A	1
A:581:_:ASN	A	581	ASN	G	7	45.330	1.432	-10.349	-20.695	input_file.cif#581.A	1
A:582:_:ILE	A	582	ILE	E	4	27.880	2.896	-11.083	-17.270	input_file.cif#582.A	1
A:583:_:PHE	A	583	PHE	E	4	57.810	5.238	-8.359	-16.018	input_file.cif#583.A	1
A:584:_:LEU	A	584	LEU	E	7	60.660	7.716	-9.004	-13.209	input_file.cif#584.A	1
A:585:_:HIS	A	585	HIS	E	8	73.410	7.657	-5.635	-11.450	input_file.cif#585.A	1
A:586:_:GLU	A	586	GLU	T	3	83.250	10.874	-5.189	-9.474	input_file.cif#586.A	1
A:587:_:ASP	A	587	ASP	T	4	95.840	11.488	-8.782	-10.598	input_file.cif#587.A	1
A:588:_:ASN	A	588	ASN	T	4	77.270	9.552	-10.032	-7.567	input_file.cif#588.A	1
A:589:_:THR	A	589	THR	E	4	44.620	5.870	-9.236	-8.076	input_file.cif#589.A	1
A:590:_:VAL	A	590	VAL	E	8	43.260	3.716	-10.530	-10.942	input_file.cif#590.A	1
A:591:_:LYS	A	591	LYS	E	5	49.200	1.590	-8.050	-12.899	input_file.cif#591.A	1
A:592:_:ILE	A	592	ILE	E	4	39.640	-0.985	-9.517	-15.286	input_file.cif#592.A	1
A:593:_:GLY	A	593	GLY	 	4	59.770	-2.113	-7.114	-18.003	input_file.cif#593.A	1
A:594:_:ASP	A	594	ASP	 	6	34.540	-3.430	-6.799	-21.559	input_file.cif#594.A	1
A:595:_:PHE	A	595	PHE	S	6	55.100	-6.761	-8.419	-20.684	input_file.cif#595.A	1
A:596:_:GLY	A	596	GLY	S	0	61.370	-8.440	-5.059	-21.282	input_file.cif#596.A	1
A:615:_:GLY	A	615	GLY	S	1	67.490	-1.047	-13.702	-33.124	input_file.cif#615.A	1
A:616:_:SER	A	616	SER	 	4	91.960	0.139	-15.884	-30.245	input_file.cif#616.A	1
A:617:_:ILE	A	617	ILE	 	6	43.990	-1.244	-19.400	-30.705	input_file.cif#617.A	1
A:618:_:LEU	A	618	LEU	T	3	39.740	1.017	-21.269	-28.281	input_file.cif#618.A	1
A:619:_:TRP	A	619	TRP	T	7	51.240	-1.299	-20.641	-25.315	input_file.cif#619.A	1
A:620:_:MET	A	620	MET	 	6	51.670	-4.543	-21.333	-27.187	input_file.cif#620.A	1
A:621:_:ALA	A	621	ALA	 	6	54.690	-6.785	-24.198	-26.073	input_file.cif#621.A	1
A:622:_:PRO	A	622	PRO	H	4	44.840	-7.840	-26.744	-28.726	input_file.cif#622.A	1
A:623:_:GLU	A	623	GLU	H	3	51.800	-11.468	-25.572	-28.590	input_file.cif#623.A	1
A:624:_:VAL	A	624	VAL	H	6	50.630	-10.171	-22.031	-29.118	input_file.cif#624.A	1
A:625:_:ILE	A	625	ILE	H	7	50.510	-8.150	-22.936	-32.219	input_file.cif#625.A	1
A:626:_:ARG	A	626	ARG	S	3	68.440	-11.009	-24.671	-34.049	input_file.cif#626.A	1
A:631:_:ASN	A	631	ASN	S	1	104.190	-18.563	-20.280	-26.081	input_file.cif#631.A	1
A:632:_:PRO	A	632	PRO	 	1	77.650	-15.006	-20.711	-27.449	input_file.cif#632.A	1
A:633:_:TYR	A	633	TYR	S	2	48.370	-13.415	-18.314	-24.939	input_file.cif#633.A	1
A:634:_:SER	A	634	SER	 	6	50.220	-13.977	-19.426	-21.348	input_file.cif#634.A	1
A:635:_:PHE	A	635	PHE	H	4	49.860	-12.496	-19.591	-17.863	input_file.cif#635.A	1
A:636:_:GLN	A	636	GLN	H	7	58.630	-11.321	-23.058	-18.907	input_file.cif#636.A	1
A:637:_:SER	A	637	SER	H	5	55.830	-9.457	-21.757	-21.963	input_file.cif#637.A	1
A:638:_:ASP	A	638	ASP	H	8	37.030	-7.775	-19.302	-19.597	input_file.cif#638.A	1
A:639:_:VAL	A	639	VAL	H	9	40.950	-6.820	-22.314	-17.479	input_file.cif#639.A	1
A:640:_:TYR	A	640	TYR	H	10	48.570	-5.158	-23.916	-20.506	input_file.cif#640.A	1
A:641:_:ALA	A	641	ALA	H	6	41.410	-3.190	-20.734	-21.188	input_file.cif#641.A	1
A:642:_:PHE	A	642	PHE	H	8	62.640	-2.029	-20.979	-17.578	input_file.cif#642.A	1
A:643:_:GLY	A	643	GLY	H	3	43.880	-0.934	-24.570	-18.169	input_file.cif#643.A	1
A:644:_:ILE	A	644	ILE	H	11	48.820	1.295	-23.406	-21.010	input_file.cif#644.A	1
A:645:_:VAL	A	645	VAL	H	6	43.710	2.676	-20.722	-18.708	input_file.cif#645.A	1
A:646:_:LEU	A	646	LEU	H	8	43.370	3.361	-23.464	-16.169	input_file.cif#646.A	1
A:647:_:TYR	A	647	TYR	H	10	57.430	5.140	-25.292	-18.982	input_file.cif#647.A	1
A:648:_:GLU	A	648	GLU	H	10	57.840	7.257	-22.224	-19.728	input_file.cif#648.A	1
A:649:_:LEU	A	649	LEU	H	6	74.170	8.288	-21.946	-16.085	input_file.cif#649.A	1
A:650:_:MET	A	650	MET	H	9	77.610	8.971	-25.648	-15.536	input_file.cif#650.A	1
A:651:_:THR	A	651	THR	H	6	71.090	10.836	-26.270	-18.797	input_file.cif#651.A	1
A:652:_:GLY	A	652	GLY	S	2	78.470	12.302	-22.834	-19.460	input_file.cif#652.A	1
A:653:_:GLN	A	653	GLN	S	5	71.170	11.131	-23.062	-23.059	input_file.cif#653.A	1
A:654:_:LEU	A	654	LEU	 	4	53.800	8.051	-22.710	-25.256	input_file.cif#654.A	1
A:655:_:PRO	A	655	PRO	T	4	48.410	5.953	-25.662	-26.482	input_file.cif#655.A	1
A:656:_:TYR	A	656	TYR	T	5	49.000	6.498	-27.074	-29.969	input_file.cif#656.A	1
A:657:_:SER	A	657	SER	S	1	76.810	9.965	-25.516	-30.234	input_file.cif#657.A	1
A:658:_:ASN	A	658	ASN	S	3	68.490	11.093	-28.454	-32.361	input_file.cif#658.A	1
A:659:_:ILE	A	659	ILE	 	5	81.270	8.098	-27.799	-34.621	input_file.cif#659.A	1
A:660:_:ASN	A	660	ASN	 	3	65.240	8.594	-24.281	-36.001	input_file.cif#660.A	1
A:661:_:ASN	A	661	ASN	 	5	43.460	5.444	-24.162	-38.123	input_file.cif#661.A	1
A:662:_:ARG	A	662	ARG	H	4	66.940	2.405	-22.128	-37.136	input_file.cif#662.A	1
A:663:_:ASP	A	663	ASP	H	3	51.520	-0.113	-23.781	-39.471	input_file.cif#663.A	1
A:664:_:GLN	A	664	GLN	H	7	51.090	1.296	-27.129	-38.380	input_file.cif#664.A	1
A:665:_:ILE	A	665	ILE	H	7	46.390	0.801	-26.371	-34.675	input_file.cif#665.A	1
A:666:_:ILE	A	666	ILE	H	7	40.150	-2.618	-24.812	-35.325	input_file.cif#666.A	1
A:667:_:GLU	A	667	GLU	H	5	49.600	-3.709	-27.882	-37.293	input_file.cif#667.A	1
A:668:_:MET	A	668	MET	H	11	36.100	-2.224	-30.503	-34.968	input_file.cif#668.A	1
A:669:_:VAL	A	669	VAL	H	4	41.660	-3.236	-28.983	-31.622	input_file.cif#669.A	1
A:670:_:GLY	A	670	GLY	H	3	42.520	-6.730	-28.197	-32.896	input_file.cif#670.A	1
A:671:_:ARG	A	671	ARG	H	4	50.040	-7.372	-31.830	-33.828	input_file.cif#671.A	1
A:672:_:GLY	A	672	GLY	T	3	56.720	-5.766	-33.198	-30.666	input_file.cif#672.A	1
A:673:_:SER	A	673	SER	S	4	51.890	-2.702	-34.846	-32.185	input_file.cif#673.A	1
A:674:_:LEU	A	674	LEU	 	6	46.080	-0.269	-32.458	-30.514	input_file.cif#674.A	1
A:675:_:SER	A	675	SER	 	3	39.640	0.401	-31.468	-26.906	input_file.cif#675.A	1
A:676:_:PRO	A	676	PRO	 	5	70.970	3.324	-29.892	-25.008	input_file.cif#676.A	1
A:677:_:ASP	A	677	ASP	 	5	59.390	6.295	-32.216	-24.396	input_file.cif#677.A	1
A:678:_:LEU	A	678	LEU	T	6	70.550	6.446	-32.829	-20.644	input_file.cif#678.A	1
A:679:_:SER	A	679	SER	T	3	62.920	9.804	-34.607	-20.880	input_file.cif#679.A	1
A:680:_:LYS	A	680	LYS	S	6	85.570	11.341	-31.133	-20.895	input_file.cif#680.A	1
A:681:_:VAL	A	681	VAL	S	4	91.880	10.395	-30.274	-17.313	input_file.cif#681.A	1
A:682:_:ARG	A	682	ARG	 	5	92.780	13.408	-30.536	-15.014	input_file.cif#682.A	1
A:683:_:SER	A	683	SER	T	3	109.170	13.793	-33.210	-12.340	input_file.cif#683.A	1
A:684:_:ASN	A	684	ASN	T	4	93.170	13.789	-30.414	-9.766	input_file.cif#684.A	1
A:685:_:CYS	A	685	CYS	S	5	108.600	10.135	-29.750	-10.588	input_file.cif#685.A	1
A:686:_:PRO	A	686	PRO	 	6	106.920	7.604	-30.453	-7.825	input_file.cif#686.A	1
A:687:_:LYS	A	687	LYS	H	2	122.040	5.820	-33.444	-9.275	input_file.cif#687.A	1
A:688:_:ARG	A	688	ARG	H	5	96.620	2.691	-32.073	-7.624	input_file.cif#688.A	1
A:689:_:MET	A	689	MET	H	7	97.850	3.003	-29.254	-10.169	input_file.cif#689.A	1
A:690:_:LYS	A	690	LYS	H	6	70.750	3.244	-31.429	-13.274	input_file.cif#690.A	1
A:691:_:ARG	A	691	ARG	H	3	74.790	0.058	-33.239	-12.284	input_file.cif#691.A	1
A:692:_:LEU	A	692	LEU	H	9	75.690	-1.557	-29.812	-12.024	input_file.cif#692.A	1
A:693:_:MET	A	693	MET	H	9	41.920	0.134	-28.626	-15.217	input_file.cif#693.A	1
A:694:_:ALA	A	694	ALA	H	4	59.930	-1.138	-31.643	-17.142	input_file.cif#694.A	1
A:695:_:GLU	A	695	GLU	H	6	74.010	-4.519	-31.061	-15.495	input_file.cif#695.A	1
A:696:_:CYS	A	696	CYS	H	8	58.420	-4.680	-27.557	-16.974	input_file.cif#696.A	1
A:697:_:LEU	A	697	LEU	T	7	49.340	-3.266	-28.737	-20.308	input_file.cif#697.A	1
A:698:_:LYS	A	698	LYS	 	6	55.060	-6.193	-31.124	-20.822	input_file.cif#698.A	1
A:699:_:LYS	A	699	LYS	S	3	47.520	-7.334	-31.351	-24.448	input_file.cif#699.A	1
A:700:_:LYS	A	700	LYS	S	5	56.790	-10.886	-31.618	-23.143	input_file.cif#700.A	1
A:701:_:ARG	A	701	ARG	G	4	64.360	-12.327	-28.399	-21.729	input_file.cif#701.A	1
A:702:_:ASP	A	702	ASP	G	3	91.810	-14.374	-29.863	-18.867	input_file.cif#702.A	1
A:703:_:GLU	A	703	GLU	G	6	68.220	-11.501	-32.019	-17.601	input_file.cif#703.A	1
A:704:_:ARG	A	704	ARG	S	9	50.620	-9.743	-28.881	-16.323	input_file.cif#704.A	1
A:705:_:PRO	A	705	PRO	 	3	50.960	-9.709	-27.747	-12.666	input_file.cif#705.A	1
A:706:_:SER	A	706	SER	 	6	62.820	-11.011	-24.274	-11.803	input_file.cif#706.A	1
A:707:_:PHE	A	707	PHE	H	9	67.750	-8.588	-21.598	-10.597	input_file.cif#707.A	1
A:708:_:PRO	A	708	PRO	H	5	68.180	-9.747	-21.815	-6.977	input_file.cif#708.A	1
A:709:_:ARG	A	709	ARG	H	5	74.310	-8.571	-25.430	-7.171	input_file.cif#709.A	1
A:710:_:ILE	A	710	ILE	H	10	69.740	-5.397	-24.419	-9.017	input_file.cif#710.A	1
A:711:_:LEU	A	711	LEU	H	6	72.630	-4.705	-21.730	-6.413	input_file.cif#711.A	1
A:712:_:ALA	A	712	ALA	H	5	72.820	-5.396	-23.966	-3.420	input_file.cif#712.A	1
A:713:_:GLU	A	713	GLU	H	7	66.200	-3.290	-26.683	-5.033	input_file.cif#713.A	1
A:714:_:ILE	A	714	ILE	H	6	79.060	-0.227	-24.526	-5.701	input_file.cif#714.A	1
A:715:_:GLU	A	715	GLU	H	7	81.550	-0.632	-22.817	-2.321	input_file.cif#715.A	1
A:716:_:GLU	A	716	GLU	H	5	93.700	-0.825	-26.184	-0.575	input_file.cif#716.A	1
A:717:_:LEU	A	717	LEU	T	8	80.590	2.094	-27.662	-2.527	input_file.cif#717.A	1
A:718:_:ALA	A	718	ALA	T	5	75.010	3.912	-24.422	-1.724	input_file.cif#718.A	1
A:719:_:ARG	A	719	ARG	 	3	113.340	4.231	-24.456	2.086	input_file.cif#719.A	1
A:720:_:GLU	A	720	GLU	 	1	106.330	7.333	-26.651	1.776	input_file.cif#720.A	1
B:449:_:ASP	B	449	ASP	 	1	82.570	-19.689	-2.892	-5.948	input_file.cif#449.B	1
B:450:_:TRP	B	450	TRP	 	9	57.820	-16.477	-3.294	-3.973	input_file.cif#450.B	1
B:451:_:GLU	B	451	GLU	B	2	64.630	-18.624	-5.060	-1.398	input_file.cif#451.B	1
B:452:_:ILE	B	452	ILE	 	5	65.630	-16.898	-8.374	-0.719	input_file.cif#452.B	1
B:453:_:PRO	B	453	PRO	 	4	78.420	-19.603	-10.901	0.234	input_file.cif#453.B	1
B:454:_:ASP	B	454	ASP	T	1	94.140	-18.834	-12.018	3.785	input_file.cif#454.B	1
B:455:_:GLY	B	455	GLY	T	1	69.710	-17.561	-15.584	4.039	input_file.cif#455.B	1
B:456:_:GLN	B	456	GLN	S	6	64.860	-15.098	-15.346	1.168	input_file.cif#456.B	1
B:457:_:ILE	B	457	ILE	 	3	61.750	-12.363	-14.021	3.439	input_file.cif#457.B	1
B:458:_:THR	B	458	THR	E	3	71.180	-10.323	-16.311	5.696	input_file.cif#458.B	1
B:459:_:VAL	B	459	VAL	E	1	79.370	-9.054	-14.230	8.615	input_file.cif#459.B	1
B:460:_:GLY	B	460	GLY	E	2	73.840	-5.713	-15.143	10.172	input_file.cif#460.B	1
B:461:_:GLN	B	461	GLN	E	4	110.410	-3.460	-13.801	12.926	input_file.cif#461.B	1
B:462:_:ARG	B	462	ARG	E	3	99.600	-3.785	-10.337	14.486	input_file.cif#462.B	1
B:463:_:ILE	B	463	ILE	E	4	109.340	-1.438	-7.440	13.710	input_file.cif#463.B	1
B:464:_:GLY	B	464	GLY	E	2	86.860	-2.989	-4.831	15.992	input_file.cif#464.B	1
B:465:_:SER	B	465	SER	E	2	167.730	-5.784	-2.294	16.272	input_file.cif#465.B	1
B:466:_:GLY	B	466	GLY	 	2	89.910	-5.931	0.887	14.227	input_file.cif#466.B	1
B:467:_:SER	B	467	SER	S	3	81.810	-8.788	3.157	13.212	input_file.cif#467.B	1
B:468:_:PHE	B	468	PHE	S	7	145.660	-11.811	0.862	12.942	input_file.cif#468.B	1
B:469:_:GLY	B	469	GLY	S	4	133.430	-10.510	-1.587	15.522	input_file.cif#469.B	1
B:470:_:THR	B	470	THR	E	4	95.220	-8.627	-4.802	14.891	input_file.cif#470.B	1
B:471:_:VAL	B	471	VAL	E	5	78.390	-6.704	-5.872	11.783	input_file.cif#471.B	1
B:472:_:TYR	B	472	TYR	E	8	76.590	-5.928	-9.449	10.755	input_file.cif#472.B	1
B:473:_:LYS	B	473	LYS	E	4	64.480	-3.920	-10.896	7.880	input_file.cif#473.B	1
B:474:_:GLY	B	474	GLY	E	3	41.640	-6.418	-12.827	5.778	input_file.cif#474.B	1
B:475:_:LYS	B	475	LYS	E	4	52.820	-6.841	-14.872	2.616	input_file.cif#475.B	1
B:476:_:TRP	B	476	TRP	S	6	51.020	-8.847	-13.775	-0.416	input_file.cif#476.B	1
B:477:_:HIS	B	477	HIS	S	1	66.770	-7.469	-14.702	-3.833	input_file.cif#477.B	1
B:478:_:GLY	B	478	GLY	S	1	43.490	-4.095	-14.437	-2.115	input_file.cif#478.B	1
B:479:_:ASP	B	479	ASP	E	3	61.730	-2.737	-12.513	0.865	input_file.cif#479.B	1
B:480:_:VAL	B	480	VAL	E	5	69.490	-4.868	-9.662	2.219	input_file.cif#480.B	1
B:481:_:ALA	B	481	ALA	E	3	46.410	-5.005	-7.353	5.239	input_file.cif#481.B	1
B:482:_:VAL	B	482	VAL	E	3	67.900	-8.357	-6.855	6.960	input_file.cif#482.B	1
B:483:_:LYS	B	483	LYS	E	6	81.050	-9.559	-4.059	9.242	input_file.cif#483.B	1
B:484:_:MET	B	484	MET	E	5	67.560	-12.595	-5.188	11.234	input_file.cif#484.B	1
B:485:_:LEU	B	485	LEU	E	7	105.180	-14.763	-3.177	13.615	input_file.cif#485.B	1
B:486:_:ASN	B	486	ASN	 	4	81.340	-15.851	-5.694	16.254	input_file.cif#486.B	1
B:487:_:VAL	B	487	VAL	 	6	77.240	-18.808	-3.783	17.705	input_file.cif#487.B	1
B:488:_:THR	B	488	THR	S	2	84.730	-22.112	-5.651	18.157	input_file.cif#488.B	1
B:489:_:ALA	B	489	ALA	S	2	86.080	-24.182	-2.772	16.778	input_file.cif#489.B	1
B:490:_:PRO	B	490	PRO	 	3	77.720	-22.310	0.111	15.084	input_file.cif#490.B	1
B:491:_:THR	B	491	THR	 	4	84.570	-23.261	3.635	16.145	input_file.cif#491.B	1
B:492:_:PRO	B	492	PRO	H	3	111.630	-24.111	6.250	13.488	input_file.cif#492.B	1
B:493:_:GLN	B	493	GLN	H	4	74.750	-20.584	7.581	14.079	input_file.cif#493.B	1
B:494:_:GLN	B	494	GLN	H	7	79.970	-18.639	4.401	13.276	input_file.cif#494.B	1
B:495:_:LEU	B	495	LEU	H	5	71.190	-20.977	4.048	10.300	input_file.cif#495.B	1
B:496:_:GLN	B	496	GLN	H	7	71.150	-20.196	7.409	8.682	input_file.cif#496.B	1
B:497:_:ALA	B	497	ALA	H	5	57.000	-16.527	6.927	9.519	input_file.cif#497.B	1
B:498:_:PHE	B	498	PHE	H	12	62.550	-16.808	3.687	7.561	input_file.cif#498.B	1
B:499:_:LYS	B	499	LYS	H	8	72.420	-18.496	5.289	4.546	input_file.cif#499.B	1
B:500:_:ASN	B	500	ASN	H	5	61.690	-16.030	8.189	4.527	input_file.cif#500.B	1
B:501:_:GLU	B	501	GLU	H	11	55.970	-12.912	6.010	4.580	input_file.cif#501.B	1
B:502:_:VAL	B	502	VAL	H	5	72.050	-14.483	3.652	2.044	input_file.cif#502.B	1
B:503:_:GLY	B	503	GLY	H	3	58.240	-15.308	6.550	-0.260	input_file.cif#503.B	1
B:504:_:VAL	B	504	VAL	H	5	50.400	-11.800	7.996	-0.050	input_file.cif#504.B	1
B:505:_:LEU	B	505	LEU	H	6	40.810	-10.084	4.659	-0.683	input_file.cif#505.B	1
B:506:_:ARG	B	506	ARG	T	4	53.590	-12.070	3.831	-3.822	input_file.cif#506.B	1
B:507:_:LYS	B	507	LYS	T	4	42.630	-10.822	7.078	-5.363	input_file.cif#507.B	1
B:508:_:THR	B	508	THR	 	3	46.940	-7.190	5.984	-5.136	input_file.cif#508.B	1
B:509:_:ARG	B	509	ARG	 	8	35.220	-5.196	4.032	-7.717	input_file.cif#509.B	1
B:510:_:HIS	B	510	HIS	 	7	30.120	-1.491	4.724	-7.219	input_file.cif#510.B	1
B:511:_:VAL	B	511	VAL	T	2	40.090	1.526	2.470	-6.694	input_file.cif#511.B	1
B:512:_:ASN	B	512	ASN	T	7	38.030	2.544	4.515	-3.639	input_file.cif#512.B	1
B:513:_:ILE	B	513	ILE	B	6	27.730	-0.900	4.326	-2.045	input_file.cif#513.B	1
B:514:_:LEU	B	514	LEU	 	4	64.980	-2.003	1.334	0.038	input_file.cif#514.B	1
B:515:_:LEU	B	515	LEU	 	5	34.240	-4.095	-0.806	-2.324	input_file.cif#515.B	1
B:516:_:PHE	B	516	PHE	E	8	40.120	-7.752	-0.797	-1.276	input_file.cif#516.B	1
B:517:_:MET	B	517	MET	E	3	44.760	-9.352	-4.062	-2.412	input_file.cif#517.B	1
B:518:_:GLY	B	518	GLY	E	3	60.790	-12.870	-3.995	-0.935	input_file.cif#518.B	1
B:519:_:TYR	B	519	TYR	E	9	72.460	-15.151	-3.672	2.075	input_file.cif#519.B	1
B:520:_:SER	B	520	SER	E	5	75.170	-17.937	-5.473	3.996	input_file.cif#520.B	1
B:521:_:THR	B	521	THR	 	7	72.360	-20.925	-4.546	6.229	input_file.cif#521.B	1
B:522:_:ALA	B	522	ALA	S	3	91.740	-23.580	-7.174	7.063	input_file.cif#522.B	1
B:523:_:PRO	B	523	PRO	S	3	93.530	-21.527	-9.028	9.571	input_file.cif#523.B	1
B:524:_:GLN	B	524	GLN	S	3	83.590	-19.000	-6.530	10.982	input_file.cif#524.B	1
B:525:_:LEU	B	525	LEU	E	4	55.310	-17.663	-3.408	9.312	input_file.cif#525.B	1
B:526:_:ALA	B	526	ALA	E	5	57.640	-14.600	-4.382	7.247	input_file.cif#526.B	1
B:527:_:ILE	B	527	ILE	E	6	63.030	-11.916	-2.652	5.189	input_file.cif#527.B	1
B:528:_:VAL	B	528	VAL	E	5	63.530	-9.935	-5.130	3.096	input_file.cif#528.B	1
B:529:_:THR	B	529	THR	E	3	38.240	-6.643	-4.102	1.501	input_file.cif#529.B	1
B:530:_:GLN	B	530	GLN	E	6	47.490	-3.486	-5.657	0.080	input_file.cif#530.B	1
B:531:_:TRP	B	531	TRP	 	6	73.030	-1.089	-7.430	2.426	input_file.cif#531.B	1
B:532:_:CYS	B	532	CYS	 	3	66.960	2.160	-5.522	2.940	input_file.cif#532.B	1
B:533:_:GLU	B	533	GLU	 	3	73.330	5.558	-7.122	3.484	input_file.cif#533.B	1
B:534:_:GLY	B	534	GLY	S	1	83.410	8.269	-5.453	5.560	input_file.cif#534.B	1
B:535:_:SER	B	535	SER	 	6	90.330	7.843	-2.863	8.302	input_file.cif#535.B	1
B:536:_:SER	B	536	SER	B	5	64.930	6.855	0.813	8.415	input_file.cif#536.B	1
B:537:_:LEU	B	537	LEU	H	9	51.370	9.316	3.645	7.841	input_file.cif#537.B	1
B:538:_:TYR	B	538	TYR	H	8	60.860	9.034	4.226	11.581	input_file.cif#538.B	1
B:539:_:HIS	B	539	HIS	H	4	67.430	10.384	0.770	12.396	input_file.cif#539.B	1
B:540:_:HIS	B	540	HIS	H	6	67.560	13.190	1.015	9.835	input_file.cif#540.B	1
B:541:_:LEU	B	541	LEU	H	6	84.940	14.267	4.488	10.955	input_file.cif#541.B	1
B:542:_:HIS	B	542	HIS	T	7	77.210	13.759	4.210	14.707	input_file.cif#542.B	1
B:543:_:ALA	B	543	ALA	S	2	90.660	13.221	0.654	15.970	input_file.cif#543.B	1
B:544:_:SER	B	544	SER	 	5	75.310	15.916	-0.780	13.717	input_file.cif#544.B	1
B:545:_:GLU	B	545	GLU	S	3	146.540	19.692	-1.095	13.492	input_file.cif#545.B	1
B:546:_:THR	B	546	THR	 	3	145.450	19.524	-1.267	9.699	input_file.cif#546.B	1
B:547:_:LYS	B	547	LYS	 	2	110.370	20.412	2.192	8.420	input_file.cif#547.B	1
B:548:_:PHE	B	548	PHE	 	6	71.410	19.680	3.332	4.871	input_file.cif#548.B	1
B:549:_:GLU	B	549	GLU	 	4	78.460	22.052	5.197	2.587	input_file.cif#549.B	1
B:550:_:MET	B	550	MET	H	8	69.480	21.204	8.486	0.897	input_file.cif#550.B	1
B:551:_:LYS	B	551	LYS	H	3	65.120	20.171	6.998	-2.447	input_file.cif#551.B	1
B:552:_:LYS	B	552	LYS	H	8	52.710	17.349	5.110	-0.728	input_file.cif#552.B	1
B:553:_:LEU	B	553	LEU	H	9	52.840	16.446	7.900	1.702	input_file.cif#553.B	1
B:554:_:ILE	B	554	ILE	H	8	37.780	15.983	10.280	-1.222	input_file.cif#554.B	1
B:555:_:ASP	B	555	ASP	H	7	45.870	14.067	7.558	-3.069	input_file.cif#555.B	1
B:556:_:ILE	B	556	ILE	H	9	42.950	11.719	6.932	-0.131	input_file.cif#556.B	1
B:557:_:ALA	B	557	ALA	H	8	38.910	11.176	10.690	0.059	input_file.cif#557.B	1
B:558:_:ARG	B	558	ARG	H	8	28.200	10.522	10.773	-3.684	input_file.cif#558.B	1
B:559:_:GLN	B	559	GLN	H	11	29.900	7.997	7.941	-3.591	input_file.cif#559.B	1
B:560:_:THR	B	560	THR	H	9	40.480	6.123	9.515	-0.682	input_file.cif#560.B	1
B:561:_:ALA	B	561	ALA	H	6	32.550	5.927	12.832	-2.533	input_file.cif#561.B	1
B:562:_:ARG	B	562	ARG	H	8	26.420	4.415	10.982	-5.505	input_file.cif#562.B	1
B:563:_:GLY	B	563	GLY	H	5	21.670	1.740	9.391	-3.339	input_file.cif#563.B	1
B:564:_:MET	B	564	MET	H	8	34.230	0.964	12.657	-1.549	input_file.cif#564.B	1
B:565:_:ASP	B	565	ASP	H	6	39.920	1.054	14.597	-4.814	input_file.cif#565.B	1
B:566:_:TYR	B	566	TYR	H	9	30.090	-1.458	12.105	-6.184	input_file.cif#566.B	1
B:567:_:LEU	B	567	LEU	H	8	22.530	-3.738	12.479	-3.163	input_file.cif#567.B	1
B:568:_:HIS	B	568	HIS	H	7	36.200	-3.626	16.280	-3.214	input_file.cif#568.B	1
B:569:_:ALA	B	569	ALA	H	4	33.340	-4.353	16.116	-6.951	input_file.cif#569.B	1
B:570:_:LYS	B	570	LYS	T	5	46.970	-7.502	14.151	-6.122	input_file.cif#570.B	1
B:571:_:SER	B	571	SER	T	3	30.520	-8.386	16.726	-3.459	input_file.cif#571.B	1
B:572:_:ILE	B	572	ILE	 	4	41.340	-7.629	14.226	-0.682	input_file.cif#572.B	1
B:573:_:ILE	B	573	ILE	B	8	40.420	-6.040	15.337	2.597	input_file.cif#573.B	1
B:574:_:HIS	B	574	HIS	 	7	34.430	-4.364	12.570	4.615	input_file.cif#574.B	1
B:575:_:ARG	B	575	ARG	S	6	39.240	-4.310	14.531	7.883	input_file.cif#575.B	1
B:576:_:ASP	B	576	ASP	 	6	53.460	-2.135	11.928	9.592	input_file.cif#576.B	1
B:577:_:LEU	B	577	LEU	 	2	46.710	1.010	11.512	7.507	input_file.cif#577.B	1
B:578:_:LYS	B	578	LYS	S	6	48.250	3.974	10.181	9.490	input_file.cif#578.B	1
B:579:_:SER	B	579	SER	G	4	50.020	6.749	7.581	9.253	input_file.cif#579.B	1
B:580:_:ASN	B	580	ASN	G	1	50.990	4.326	5.301	11.109	input_file.cif#580.B	1
B:581:_:ASN	B	581	ASN	G	5	47.890	1.749	5.463	8.292	input_file.cif#581.B	1
B:582:_:ILE	B	582	ILE	E	7	27.940	4.303	4.751	5.553	input_file.cif#582.B	1
B:583:_:PHE	B	583	PHE	E	5	51.580	4.730	1.053	4.865	input_file.cif#583.B	1
B:584:_:LEU	B	584	LEU	E	6	54.650	8.048	0.066	3.257	input_file.cif#584.B	1
B:585:_:HIS	B	585	HIS	E	6	65.200	6.655	-2.874	1.272	input_file.cif#585.B	1
B:586:_:GLU	B	586	GLU	T	3	89.540	9.495	-5.313	0.584	input_file.cif#586.B	1
B:587:_:ASP	B	587	ASP	T	4	85.180	11.839	-2.579	1.850	input_file.cif#587.B	1
B:588:_:ASN	B	588	ASN	T	4	78.480	11.718	-0.698	-1.459	input_file.cif#588.B	1
B:589:_:THR	B	589	THR	E	2	59.960	8.154	0.320	-2.338	input_file.cif#589.B	1
B:590:_:VAL	B	590	VAL	E	6	50.360	6.556	3.142	-0.343	input_file.cif#590.B	1
B:591:_:LYS	B	591	LYS	E	5	45.710	2.919	2.493	0.552	input_file.cif#591.B	1
B:592:_:ILE	B	592	ILE	E	4	40.190	1.022	5.478	2.023	input_file.cif#592.B	1
B:593:_:GLY	B	593	GLY	 	3	63.410	-1.997	4.456	4.106	input_file.cif#593.B	1
B:594:_:ASP	B	594	ASP	 	3	110.170	-3.568	3.840	7.535	input_file.cif#594.B	1
B:595:_:PHE	B	595	PHE	 	5	123.690	-5.789	6.562	6.109	input_file.cif#595.B	1
B:596:_:GLY	B	596	GLY	S	2	129.650	-8.580	6.560	8.702	input_file.cif#596.B	1
B:597:_:LEU	B	597	LEU	S	4	145.830	-8.554	10.334	9.138	input_file.cif#597.B	1
B:598:_:ALA	B	598	ALA	 	3	85.420	-8.385	11.054	5.408	input_file.cif#598.B	1
B:599:_:THR	B	599	THR	B	5	131.350	-10.906	13.477	3.923	input_file.cif#599.B	1
B:600:_:GLU	B	600	GLU	S	3	102.950	-11.876	15.162	0.672	input_file.cif#600.B	1
B:615:_:GLY	B	615	GLY	S	2	114.260	1.607	10.149	18.984	input_file.cif#615.B	1
B:616:_:SER	B	616	SER	G	4	66.440	0.747	12.178	15.892	input_file.cif#616.B	1
B:617:_:ILE	B	617	ILE	G	7	60.730	1.742	15.294	17.837	input_file.cif#617.B	1
B:618:_:LEU	B	618	LEU	G	3	38.100	5.256	15.417	16.363	input_file.cif#618.B	1
B:619:_:TRP	B	619	TRP	G	8	40.840	3.896	15.712	12.823	input_file.cif#619.B	1
B:620:_:MET	B	620	MET	 	8	48.640	1.396	18.422	13.734	input_file.cif#620.B	1
B:621:_:ALA	B	621	ALA	 	5	69.700	1.636	21.890	12.226	input_file.cif#621.B	1
B:622:_:PRO	B	622	PRO	H	2	64.770	1.504	24.904	14.551	input_file.cif#622.B	1
B:623:_:GLU	B	623	GLU	H	3	52.430	-1.912	25.612	13.021	input_file.cif#623.B	1
B:624:_:VAL	B	624	VAL	H	4	88.760	-3.064	22.076	13.804	input_file.cif#624.B	1
B:625:_:ILE	B	625	ILE	H	7	69.030	-1.823	22.426	17.377	input_file.cif#625.B	1
B:626:_:ARG	B	626	ARG	S	3	61.390	-3.277	25.906	17.928	input_file.cif#626.B	1
B:631:_:ASN	B	631	ASN	S	1	80.910	-10.651	23.761	10.622	input_file.cif#631.B	1
B:632:_:PRO	B	632	PRO	 	1	76.460	-6.830	23.568	10.934	input_file.cif#632.B	1
B:633:_:TYR	B	633	TYR	 	2	63.900	-6.245	20.736	8.449	input_file.cif#633.B	1
B:634:_:SER	B	634	SER	S	7	68.140	-5.358	21.510	4.833	input_file.cif#634.B	1
B:635:_:PHE	B	635	PHE	H	5	45.520	-2.973	20.407	2.106	input_file.cif#635.B	1
B:636:_:GLN	B	636	GLN	H	5	60.280	-0.662	22.810	3.927	input_file.cif#636.B	1
B:637:_:SER	B	637	SER	H	5	35.350	-0.784	20.652	7.059	input_file.cif#637.B	1
B:638:_:ASP	B	638	ASP	H	10	36.770	0.078	17.610	4.955	input_file.cif#638.B	1
B:639:_:VAL	B	639	VAL	H	7	32.500	3.027	19.567	3.566	input_file.cif#639.B	1
B:640:_:TYR	B	640	TYR	H	10	30.230	4.317	20.167	7.106	input_file.cif#640.B	1
B:641:_:ALA	B	641	ALA	H	6	30.360	3.921	16.529	8.138	input_file.cif#641.B	1
B:642:_:PHE	B	642	PHE	H	11	22.550	5.849	15.605	4.998	input_file.cif#642.B	1
B:643:_:GLY	B	643	GLY	H	6	31.160	8.559	18.024	6.085	input_file.cif#643.B	1
B:644:_:ILE	B	644	ILE	H	11	42.750	8.847	16.128	9.360	input_file.cif#644.B	1
B:645:_:VAL	B	645	VAL	H	7	38.440	9.078	12.792	7.541	input_file.cif#645.B	1
B:646:_:LEU	B	646	LEU	H	10	34.290	11.940	14.259	5.504	input_file.cif#646.B	1
B:647:_:TYR	B	647	TYR	H	7	38.900	13.568	15.261	8.792	input_file.cif#647.B	1
B:648:_:GLU	B	648	GLU	H	10	40.150	13.279	11.638	9.930	input_file.cif#648.B	1
B:649:_:LEU	B	649	LEU	H	6	50.010	15.082	10.410	6.814	input_file.cif#649.B	1
B:650:_:MET	B	650	MET	H	9	52.040	17.892	12.962	6.620	input_file.cif#650.B	1
B:651:_:THR	B	651	THR	H	4	73.980	18.685	12.727	10.346	input_file.cif#651.B	1
B:652:_:GLY	B	652	GLY	S	2	60.710	17.268	9.368	11.391	input_file.cif#652.B	1
B:653:_:GLN	B	653	GLN	S	4	72.920	15.922	10.968	14.560	input_file.cif#653.B	1
B:654:_:LEU	B	654	LEU	 	5	52.830	12.486	12.178	15.635	input_file.cif#654.B	1
B:655:_:PRO	B	655	PRO	S	3	51.550	11.967	15.929	16.128	input_file.cif#655.B	1
B:656:_:TYR	B	656	TYR	 	5	60.100	12.528	17.495	19.544	input_file.cif#656.B	1
B:657:_:SER	B	657	SER	T	3	55.210	14.802	14.930	21.210	input_file.cif#657.B	1
B:658:_:ASN	B	658	ASN	T	2	108.510	15.553	17.350	24.058	input_file.cif#658.B	1
B:659:_:ILE	B	659	ILE	 	6	57.700	11.847	17.537	24.924	input_file.cif#659.B	1
B:660:_:ASN	B	660	ASN	 	2	92.610	10.065	14.698	26.733	input_file.cif#660.B	1
B:661:_:ASN	B	661	ASN	 	5	81.430	6.893	16.584	27.636	input_file.cif#661.B	1
B:662:_:ARG	B	662	ARG	H	2	91.940	3.863	16.701	25.332	input_file.cif#662.B	1
B:663:_:ASP	B	663	ASP	H	4	79.330	2.637	20.058	26.635	input_file.cif#663.B	1
B:664:_:GLN	B	664	GLN	H	7	75.660	5.920	21.837	25.893	input_file.cif#664.B	1
B:665:_:ILE	B	665	ILE	H	6	91.250	5.890	20.886	22.215	input_file.cif#665.B	1
B:666:_:ILE	B	666	ILE	H	5	66.710	2.200	21.780	21.959	input_file.cif#666.B	1
B:667:_:GLU	B	667	GLU	H	6	77.620	2.814	25.140	23.634	input_file.cif#667.B	1
B:668:_:MET	B	668	MET	H	10	82.400	6.146	25.659	21.894	input_file.cif#668.B	1
B:669:_:VAL	B	669	VAL	H	7	71.760	5.406	24.480	18.341	input_file.cif#669.B	1
B:670:_:GLY	B	670	GLY	H	4	60.930	2.005	26.173	18.314	input_file.cif#670.B	1
B:671:_:ARG	B	671	ARG	H	5	100.340	3.610	29.270	19.823	input_file.cif#671.B	1
B:672:_:GLY	B	672	GLY	T	3	97.600	6.258	29.404	17.105	input_file.cif#672.B	1
B:673:_:SER	B	673	SER	 	5	90.930	9.063	29.028	19.627	input_file.cif#673.B	1
B:674:_:LEU	B	674	LEU	 	6	76.480	10.126	25.554	18.533	input_file.cif#674.B	1
B:675:_:SER	B	675	SER	 	2	63.000	11.196	23.992	15.234	input_file.cif#675.B	1
B:676:_:PRO	B	676	PRO	 	4	47.010	13.121	20.816	14.296	input_file.cif#676.B	1
B:677:_:ASP	B	677	ASP	 	6	57.080	16.920	21.024	14.538	input_file.cif#677.B	1
B:678:_:LEU	B	678	LEU	G	6	45.960	18.037	21.278	10.914	input_file.cif#678.B	1
B:679:_:SER	B	679	SER	G	3	62.530	21.711	21.115	11.892	input_file.cif#679.B	1
B:680:_:LYS	B	680	LYS	G	7	48.990	21.071	17.436	12.656	input_file.cif#680.B	1
B:681:_:VAL	B	681	VAL	S	5	64.670	20.795	16.460	8.985	input_file.cif#681.B	1
B:682:_:ARG	B	682	ARG	 	7	72.460	23.422	14.040	7.673	input_file.cif#682.B	1
B:683:_:SER	B	683	SER	S	2	102.830	26.734	15.189	6.208	input_file.cif#683.B	1
B:684:_:ASN	B	684	ASN	S	5	89.860	25.598	13.405	3.057	input_file.cif#684.B	1
B:685:_:CYS	B	685	CYS	S	6	87.420	22.256	15.223	2.829	input_file.cif#685.B	1
B:686:_:PRO	B	686	PRO	 	4	57.710	22.106	17.510	-0.237	input_file.cif#686.B	1
B:687:_:LYS	B	687	LYS	H	3	50.790	21.559	21.199	0.546	input_file.cif#687.B	1
B:688:_:ARG	B	688	ARG	H	7	67.060	18.618	20.893	-1.844	input_file.cif#688.B	1
B:689:_:MET	B	689	MET	H	10	45.530	16.768	18.513	0.475	input_file.cif#689.B	1
B:690:_:LYS	B	690	LYS	H	4	43.290	17.641	20.562	3.554	input_file.cif#690.B	1
B:691:_:ARG	B	691	ARG	H	7	52.300	16.488	23.504	1.451	input_file.cif#691.B	1
B:692:_:LEU	B	692	LEU	H	7	50.440	13.166	21.849	0.678	input_file.cif#692.B	1
B:693:_:MET	B	693	MET	H	9	29.880	12.680	20.510	4.202	input_file.cif#693.B	1
B:694:_:ALA	B	694	ALA	H	6	46.390	12.774	24.024	5.663	input_file.cif#694.B	1
B:695:_:GLU	B	695	GLU	H	5	54.960	10.124	25.229	3.210	input_file.cif#695.B	1
B:696:_:CYS	B	696	CYS	H	5	34.410	7.789	22.395	4.233	input_file.cif#696.B	1
B:697:_:LEU	B	697	LEU	T	6	48.630	8.285	23.152	7.935	input_file.cif#697.B	1
B:698:_:LYS	B	698	LYS	 	5	39.960	7.645	26.877	7.482	input_file.cif#698.B	1
B:699:_:LYS	B	699	LYS	S	3	49.030	5.881	28.419	10.480	input_file.cif#699.B	1
B:700:_:LYS	B	700	LYS	S	3	77.540	3.361	30.253	8.279	input_file.cif#700.B	1
B:701:_:ARG	B	701	ARG	G	6	50.790	1.096	27.784	6.453	input_file.cif#701.B	1
B:702:_:ASP	B	702	ASP	G	2	49.590	0.903	29.667	3.153	input_file.cif#702.B	1
B:703:_:GLU	B	703	GLU	G	5	56.680	4.684	29.915	2.846	input_file.cif#703.B	1
B:704:_:ARG	B	704	ARG	S	8	52.540	4.796	26.139	2.481	input_file.cif#704.B	1
B:705:_:PRO	B	705	PRO	 	3	49.780	5.251	24.666	-1.019	input_file.cif#705.B	1
B:706:_:SER	B	706	SER	 	6	36.830	2.803	22.357	-2.784	input_file.cif#706.B	1
B:707:_:PHE	B	707	PHE	H	7	26.850	3.455	18.723	-3.700	input_file.cif#707.B	1
B:708:_:PRO	B	708	PRO	H	2	24.280	3.798	19.417	-7.420	input_file.cif#708.B	1
B:709:_:ARG	B	709	ARG	H	4	41.040	6.709	21.726	-6.583	input_file.cif#709.B	1
B:710:_:ILE	B	710	ILE	H	7	38.790	7.866	19.397	-3.803	input_file.cif#710.B	1
B:711:_:LEU	B	711	LEU	H	5	52.890	7.940	16.334	-6.063	input_file.cif#711.B	1
B:712:_:ALA	B	712	ALA	H	4	52.140	9.619	18.383	-8.796	input_file.cif#712.B	1
B:713:_:GLU	B	713	GLU	H	6	48.880	12.471	19.397	-6.484	input_file.cif#713.B	1
B:714:_:ILE	B	714	ILE	H	8	46.060	12.950	15.928	-4.983	input_file.cif#714.B	1
B:715:_:GLU	B	715	GLU	H	7	73.410	12.759	14.260	-8.409	input_file.cif#715.B	1
B:716:_:GLU	B	716	GLU	H	6	68.860	15.244	16.690	-9.942	input_file.cif#716.B	1
B:717:_:LEU	B	717	LEU	H	7	90.510	17.887	16.300	-7.227	input_file.cif#717.B	1
B:718:_:ALA	B	718	ALA	H	4	88.510	17.707	12.496	-7.251	input_file.cif#718.B	1
B:719:_:ARG	B	719	ARG	H	3	118.750	18.857	12.573	-10.879	input_file.cif#719.B	1
B:720:_:GLU	B	720	GLU	 	3	108.700	21.161	15.565	-10.395	input_file.cif#720.B	1
